cpu_load,memory_load,disk_load,workload_type
0.03,0.512,0.0,Memory-intensive
0.068,0.519,0.0008192,Memory-intensive
0.129,0.512,1.12050176,Disk-intensive
0.027,0.51,0.00110592,Memory-intensive
0.072,0.53,0.00012288,Memory-intensive
0.176,0.514,0.00032768,Memory-intensive
0.03,0.508,0.0,Memory-intensive
0.0579999999999999,0.52,0.00065536,Memory-intensive
0.1989999999999999,0.514,0.0,Memory-intensive
0.031,0.511,0.0,Memory-intensive
0.074,0.528,0.0,Memory-intensive
0.198,0.507,0.0,Memory-intensive
0.03,0.507,0.0,Memory-intensive
0.053,0.525,0.00049152,Memory-intensive
0.091,0.518,0.0,Memory-intensive
0.0279999999999999,0.515,0.00135168,Memory-intensive
0.1369999999999999,0.513,0.00016384,Memory-intensive
0.1689999999999999,0.513,0.00188416,Memory-intensive
0.0279999999999999,0.51,0.00012288,Memory-intensive
0.12,0.514,0.00012288,Memory-intensive
0.113,0.516,0.00053248,Memory-intensive
0.033,0.51,0.0,Memory-intensive
0.057,0.5329999999999999,0.0,Memory-intensive
0.14,0.517,0.0,Memory-intensive
0.04,0.51,0.0,Memory-intensive
0.073,0.531,0.0,Memory-intensive
0.129,0.521,0.0024576,Memory-intensive
0.0279999999999999,0.513,0.0,Memory-intensive
0.07,0.504,0.0,Memory-intensive
0.0969999999999999,0.517,0.0,Memory-intensive
0.0279999999999999,0.511,0.0,Memory-intensive
0.131,0.584,0.43659264,Memory-intensive
0.081,0.514,0.0,Memory-intensive
0.0279999999999999,0.511,0.0,Memory-intensive
0.052,0.52,0.0012288,Memory-intensive
0.183,0.517,0.00065536,Memory-intensive
0.025,0.512,0.00077824,Memory-intensive
0.07,0.535,0.0,Memory-intensive
0.091,0.516,0.0,Memory-intensive
0.0289999999999999,0.513,0.00094208,Memory-intensive
0.099,0.527,0.0,Memory-intensive
0.2189999999999999,0.514,0.0,Memory-intensive
0.03,0.509,0.0,Memory-intensive
0.052,0.529,0.00012288,Memory-intensive
0.089,0.515,0.0,Memory-intensive
0.026,0.512,0.0,Memory-intensive
0.059,0.53,0.0,Memory-intensive
0.143,0.509,0.0,Memory-intensive
0.031,0.509,0.0019251199999999,Memory-intensive
0.053,0.531,0.0,Memory-intensive
0.182,0.518,0.00069632,Memory-intensive
0.0289999999999999,0.514,0.00012288,Memory-intensive
0.0559999999999999,0.5379999999999999,0.0,Memory-intensive
0.187,0.519,0.0,Memory-intensive
0.0279999999999999,0.512,0.0,Memory-intensive
0.049,0.524,0.00024576,Memory-intensive
0.0969999999999999,0.521,0.0,Memory-intensive
0.025,0.512,0.00012288,Memory-intensive
0.108,0.528,0.0,Memory-intensive
0.161,0.52,0.00098304,Memory-intensive
0.0289999999999999,0.509,0.00188416,Memory-intensive
0.0559999999999999,0.531,0.0,Memory-intensive
0.233,0.515,0.00065536,Memory-intensive
0.027,0.51,0.00012288,Memory-intensive
0.052,0.531,0.0,Memory-intensive
0.158,0.518,0.0,Memory-intensive
0.031,0.511,0.00012288,Memory-intensive
0.071,0.525,0.0,Memory-intensive
0.084,0.512,0.00135168,Memory-intensive
0.033,0.511,4.096e-05,Memory-intensive
0.045,0.519,0.00012288,Memory-intensive
0.178,0.516,0.0009011199999999,Memory-intensive
0.0289999999999999,0.513,0.0008192,Memory-intensive
0.0819999999999999,0.529,0.0,Memory-intensive
0.145,0.52,0.0,Memory-intensive
0.031,0.513,0.00012288,Memory-intensive
0.057,0.539,0.0,Memory-intensive
0.2,0.525,0.0,Memory-intensive
0.0279999999999999,0.515,0.00135168,Memory-intensive
0.044,0.525,0.00073728,Memory-intensive
0.187,0.513,0.0,Memory-intensive
0.0289999999999999,0.509,0.00200704,Memory-intensive
0.054,0.526,0.0,Memory-intensive
0.102,0.515,0.0,Memory-intensive
0.0279999999999999,0.511,0.00012288,Memory-intensive
0.108,0.5379999999999999,0.00057344,Memory-intensive
0.136,0.513,0.0009011199999999,Memory-intensive
0.0579999999999999,0.51,0.0,Memory-intensive
0.069,0.529,0.00024576,Memory-intensive
0.207,0.524,0.0,Memory-intensive
0.0279999999999999,0.519,0.00131072,Memory-intensive
0.057,0.528,0.0,Memory-intensive
0.19,0.518,0.0,Memory-intensive
0.0289999999999999,0.516,0.0,Memory-intensive
0.054,0.5329999999999999,0.0,Memory-intensive
0.132,0.51,0.0,Memory-intensive
0.0289999999999999,0.507,0.0,Memory-intensive
0.1169999999999999,0.521,0.0,Memory-intensive
0.1,0.517,0.00110592,Memory-intensive
0.0279999999999999,0.512,0.0009011199999999,Memory-intensive
0.048,0.527,0.0,Memory-intensive
0.119,0.517,0.0,Memory-intensive
0.03,0.51,0.0,Memory-intensive
0.134,0.51,0.0016384,Memory-intensive
0.1,0.514,0.00106496,Memory-intensive
0.0289999999999999,0.511,0.0012288,Memory-intensive
0.045,0.523,0.0,Memory-intensive
0.088,0.513,0.0,Memory-intensive
0.03,0.511,0.0,Memory-intensive
0.042,0.529,0.0,Memory-intensive
0.16,0.518,0.00069632,Memory-intensive
0.0289999999999999,0.509,0.0,Memory-intensive
0.0579999999999999,0.523,0.0,Memory-intensive
0.165,0.516,0.0,Memory-intensive
0.031,0.511,0.0012288,Memory-intensive
0.057,0.526,0.0,Memory-intensive
0.193,0.53,0.0,Memory-intensive
0.0289999999999999,0.513,0.0,Memory-intensive
0.077,0.526,4.096e-05,Memory-intensive
0.094,0.516,0.0,Memory-intensive
0.0289999999999999,0.512,0.0,Memory-intensive
0.1369999999999999,0.514,0.0,Memory-intensive
0.214,0.52,0.00057344,Memory-intensive
0.047,0.511,0.1327513599999999,Memory-intensive
0.05,0.522,0.0,Memory-intensive
0.088,0.514,0.0,Memory-intensive
0.0279999999999999,0.508,0.0,Memory-intensive
0.154,0.518,0.0,Memory-intensive
0.149,0.509,0.00049152,Memory-intensive
0.211,0.506,0.0,Memory-intensive
0.121,0.521,0.0002048,Memory-intensive
0.079,0.51,0.6139904,Disk-intensive
0.026,0.508,0.0,Memory-intensive
0.1326997921239817,0.5198332217472243,0.1674231218373441,Memory-intensive
0.1281616833106502,0.5084669679501105,0.0,Memory-intensive
0.0288384793615952,0.503426479998765,0.0,Memory-intensive
0.1347935471479686,0.5088959611177174,0.0,Memory-intensive
0.1429503258338902,0.5252082394656039,0.181229952858236,Memory-intensive
0.036510791375492,0.5217629503165118,0.0,Memory-intensive
0.1265723024042432,0.5298778517605736,0.0,Memory-intensive
0.0344919416189486,0.526973590698288,0.025236552415946,Memory-intensive
0.1797505575697107,0.516206869367485,0.1517452264528605,Memory-intensive
0.1528402512144765,0.5300559801183156,0.000566248279158,Memory-intensive
0.2590853551821642,0.509697928419078,0.1164761130536709,Memory-intensive
0.1182436676111444,0.5153116452053642,0.0,Memory-intensive
0.1780015576709213,0.5208815358456996,0.1378048610937734,Memory-intensive
0.081128674952689,0.5187387689335894,0.0580388545144818,Memory-intensive
0.0975145118146211,0.506890995180838,0.0619034648771893,Memory-intensive
0.0765133786760297,0.513043895243216,0.1858639297521406,Memory-intensive
0.0019749351775128,0.5224557029761997,0.0,Memory-intensive
0.1343004892401696,0.5133087065263688,0.0,Memory-intensive
0.1268543666087289,0.5103336990905931,0.0,Memory-intensive
0.0929874932008604,0.5145312027196259,0.0,Memory-intensive
0.1381667610383704,0.5144029928512247,0.0170362692637837,Memory-intensive
0.1110806671126398,0.5161653680333382,0.0,Memory-intensive
0.1648129856265352,0.5201135446603291,0.0,Memory-intensive
0.1781440454654866,0.5209071923980199,0.0,Memory-intensive
0.1058254587765532,0.5195370152756155,0.0,Memory-intensive
0.0051361440112608,0.5053149865468245,0.1871825306865415,Memory-intensive
0.0192709974818233,0.5094810824058175,0.0237604917763947,Memory-intensive
0.0772866674559145,0.5112087982127215,0.0,Memory-intensive
0.0338478953323349,0.5132835031200502,0.1239739134604973,Memory-intensive
0.0362589890490544,0.513767151992305,0.1346030560613806,Memory-intensive
0.0780979445224746,0.509047859308481,0.0,Memory-intensive
0.0223152519201665,0.506063818457489,0.1408146557802717,Memory-intensive
0.0469179129124752,0.5121611545131486,0.1519330507489625,Memory-intensive
0.0656665913048628,0.521427358137672,0.0070486210953772,Memory-intensive
0.0836235303324951,0.5167139107068066,0.105189744294932,Memory-intensive
0.0032745519398294,0.5236922800414204,0.0,Memory-intensive
0.1346537776454171,0.5186064538218156,0.0392466827453937,Memory-intensive
0.0,0.5151631442693267,0.0559733617942386,Memory-intensive
0.0876922968466577,0.518083511184728,0.0193783255846998,Memory-intensive
0.0707055657983332,0.5224970055967078,0.0007113869343731,Memory-intensive
0.0452934432093107,0.502112482427532,0.0491988582836243,Memory-intensive
0.1673124708124,0.5167019597399584,0.0601673434034311,Memory-intensive
0.0359226397545915,0.5273751433807575,0.0,Memory-intensive
0.0414078760433177,0.5161110797157066,0.0098723990531924,Memory-intensive
0.1215806839336262,0.5169410859095951,0.0,Memory-intensive
0.0,0.5135984573493213,0.0383126622489658,Memory-intensive
0.1501411392877717,0.5188184282203373,0.1199693391474421,Memory-intensive
0.1275245849109351,0.5207215731754955,0.115023491835232,Memory-intensive
0.0,0.5353121940367138,0.0877872327297616,Memory-intensive
0.1167646297365434,0.5252723861906048,0.0,Memory-intensive
0.1205421396695121,0.5086471360603866,0.0964873885366036,Memory-intensive
0.0938149783205565,0.5097232606375826,0.0,Memory-intensive
0.1022717462609803,0.5108818234500877,0.0630849560465356,Memory-intensive
0.1139066385491814,0.5333439936817094,0.2372650144439979,Memory-intensive
0.0983665261056811,0.5055084478044721,0.0,Memory-intensive
0.0726260550952543,0.52702545658583,0.0,Memory-intensive
0.0652937575347747,0.5263899336303539,0.0132333846668044,Memory-intensive
0.0217058900050282,0.5216624264891377,0.2273643379286237,Memory-intensive
0.0787341062067997,0.518947238519843,0.0,Memory-intensive
0.0159083017296982,0.4987364574994749,0.0292402732366135,Memory-intensive
0.065797911484988,0.5168839463064338,0.0172680640357929,Memory-intensive
0.0771151872237059,0.5165712181799779,0.1072341405886355,Memory-intensive
0.1248466543604023,0.5243454561592443,0.0,Memory-intensive
0.0,0.5069471069908338,0.1573941990412351,Memory-intensive
0.0494027842475494,0.4960492424442339,0.2150008665468818,Memory-intensive
0.0253190311480769,0.5205370632474475,0.0,Memory-intensive
0.1886197205318814,0.5271745935223024,0.0,Memory-intensive
0.014149546338464,0.529216298711481,0.0358104202145382,Memory-intensive
0.0129969062889321,0.5254042218029515,0.0,Memory-intensive
0.1299867938561303,0.5276916216249034,0.0008446026572187,Memory-intensive
0.1284135887380978,0.5243947528696549,0.0,Memory-intensive
0.0593273877892958,0.5247556668243502,0.1257358339802691,Memory-intensive
0.0152253241226308,0.518229833326136,0.0,Memory-intensive
0.0372670492729014,0.5199464030997529,0.0,Memory-intensive
0.2223409145386486,0.5133476999896227,0.1543296248898201,Memory-intensive
0.0,0.5159974983702921,0.0,Memory-intensive
0.0932808578202316,0.5153938241947267,0.0,Memory-intensive
0.0919395032583584,0.5106729244472075,0.1525046399212599,Memory-intensive
0.0789708277636259,0.5283247267763237,0.0538652456886886,Memory-intensive
0.0999719661024354,0.5223081387671776,0.1586277088496634,Memory-intensive
0.1127501582259877,0.5154641459467446,0.0,Memory-intensive
0.1179347729606442,0.5230976688434024,0.0,Memory-intensive
0.0912162025659983,0.5076672602439668,0.0,Memory-intensive
0.0889676105763247,0.5186910885933351,0.0,Memory-intensive
0.0359898623378076,0.5131706621493196,0.0,Memory-intensive
0.0301900651654805,0.5311259531340615,0.0471653498577868,Memory-intensive
0.1219375009276683,0.5148134055443571,0.0,Memory-intensive
0.0517104749900808,0.5018799422370623,0.0,Memory-intensive
0.1287948483289611,0.4999058721210794,0.0527982986994085,Memory-intensive
0.1335019763644623,0.5212272831917291,0.0,Memory-intensive
0.1324135300115219,0.5153291226771518,0.0,Memory-intensive
0.0,0.5241185125443792,0.122949921588456,Memory-intensive
0.0522963428896452,0.5010849333215742,0.1914563744852563,Memory-intensive
0.0873351625469845,0.5165571917408087,0.1061531993884093,Memory-intensive
0.0803778856881664,0.528504707326901,0.1486931500733126,Memory-intensive
0.0118362994574856,0.5127060955620787,0.1144151959501469,Memory-intensive
0.0534345376210791,0.5275298073395819,0.0,Memory-intensive
0.0070401809687175,0.5184620862546155,0.1454331228598452,Memory-intensive
0.1163423255363381,0.5159852866877066,0.1031935783616107,Memory-intensive
0.1021359383518758,0.5279442019200778,0.0300101821676481,Memory-intensive
0.0,0.5141443419847336,0.0,Memory-intensive
0.0671999461566365,0.5188385485931253,0.0,Memory-intensive
0.0785187849679669,0.5059339564892317,0.2104499052657543,Memory-intensive
0.1233730961165092,0.513769284005373,0.0866431740576901,Memory-intensive
0.1531377255344518,0.5221416974683155,0.0,Memory-intensive
0.0505681851306206,0.5241175004869765,0.1341358534848351,Memory-intensive
0.0996866645378715,0.5159741965707837,0.0,Memory-intensive
0.0060782188434162,0.524633948338191,0.2162394818423648,Memory-intensive
0.0716115755964225,0.5033676077259622,0.0,Memory-intensive
0.1059759839281644,0.5113974156754145,0.0616830186934821,Memory-intensive
0.0596273317650113,0.5365671095926324,0.1270573533550039,Memory-intensive
0.1704400448630617,0.5296689293708802,0.0,Memory-intensive
0.0758796154971939,0.5211255254456659,0.081949719263464,Memory-intensive
0.093102375320103,0.5236212860676733,0.0,Memory-intensive
0.0960559691948246,0.522379480157745,0.0302391046091298,Memory-intensive
0.1150432175891794,0.5167967635872165,0.0801585068658883,Memory-intensive
0.0187113598975134,0.5237666867914236,0.0277760663508163,Memory-intensive
0.1793518316506756,0.529006469800907,0.0196913988280485,Memory-intensive
0.0983939539913445,0.5124269774171285,0.0,Memory-intensive
0.1272697862072437,0.5197747765570879,0.005452972762592,Memory-intensive
0.0930117921064413,0.5052773780678398,0.1325010492291093,Memory-intensive
0.0693328106420895,0.5139418297654228,0.0,Memory-intensive
0.0922569707221256,0.527221553816126,0.0,Memory-intensive
0.1141930943022685,0.5145700901295029,0.0,Memory-intensive
0.1463272154711234,0.4964153589787895,0.1280343510210884,Memory-intensive
0.10110721402471,0.5170774855764391,0.0,Memory-intensive
0.1399954426136965,0.5066279284539863,0.0,Memory-intensive
0.0833526685968399,0.5211082368210194,0.0,Memory-intensive
0.0090465161806343,0.5131967610194045,0.0,Memory-intensive
0.0680791830376562,0.4946238733570858,0.0,Memory-intensive
0.0783034465997326,0.5150979824280728,0.0,Memory-intensive
0.1136313078002364,0.519382090254906,0.0,Memory-intensive
0.0082940166107106,0.5131387850646828,0.0,Memory-intensive
0.1695400708032849,0.5133698178443253,0.0,Memory-intensive
0.1866404449777388,0.5162630011900452,0.0,Memory-intensive
0.0042764298558128,0.5317960633779193,0.0,Memory-intensive
0.1100112650467218,0.5035233674139175,0.0761006698721874,Memory-intensive
0.0461239033531606,0.5212119906936038,0.0801234601564815,Memory-intensive
0.163299461107908,0.523067494889061,0.0039546390511055,Memory-intensive
0.0,0.5192479661110998,0.0197111107226793,Memory-intensive
0.0203353043517646,0.5105157461261065,0.0851047833116194,Memory-intensive
0.0826984980396199,0.5137015898568106,0.0534248311234866,Memory-intensive
0.1389328853437495,0.5309444208894425,0.0,Memory-intensive
0.0917914388953647,0.5208921811858142,0.161978717634791,Memory-intensive
0.0634297890862166,0.5108294717590701,0.0546241262765091,Memory-intensive
0.1092510409833587,0.5291377781145536,0.04720706866562,Memory-intensive
0.1179495336897093,0.5217580497880878,0.072950140085502,Memory-intensive
0.121987029978987,0.5139008769400835,0.0515221008998654,Memory-intensive
0.0397974072081684,0.5360120681611923,0.0,Memory-intensive
0.0208755976858229,0.514939653901704,0.2484938641383388,Memory-intensive
0.0817238093998089,0.5356040039161225,0.0,Memory-intensive
0.0456989620822672,0.5243922999052819,0.0,Memory-intensive
0.1025811777548469,0.5252830558732787,0.0,Memory-intensive
0.010234884454153,0.5138702877765284,0.1156375733439153,Memory-intensive
0.0037564060515818,0.5047715683810894,0.0,Memory-intensive
0.0,0.5240108679328221,0.0786021347660912,Memory-intensive
0.1006229540664279,0.522373061333582,0.0,Memory-intensive
0.111906853480548,0.535327107344533,0.0073885266682446,Memory-intensive
0.0,0.5110791748761736,0.0,Memory-intensive
0.031940530386333,0.5169496218577498,0.0,Memory-intensive
0.0779082114524311,0.5193809155701867,0.0605574047633359,Memory-intensive
0.0601094114893551,0.517808804820394,0.0,Memory-intensive
0.1629953224719418,0.5348892297574103,0.054078358755519,Memory-intensive
0.0619053367512468,0.5177099203999058,0.1183891307768036,Memory-intensive
0.0458300298604916,0.5196104885432742,0.0,Memory-intensive
0.1168135408712831,0.5218264386417174,0.1250728617632631,Memory-intensive
0.1475356803870144,0.5066669890327427,0.0,Memory-intensive
0.1521192480280599,0.5233228735729644,0.0652627645621294,Memory-intensive
0.0432140778460345,0.528696086634065,0.0,Memory-intensive
0.100356379165686,0.504027390492226,0.0,Memory-intensive
0.0590776891524784,0.525321288145051,0.0,Memory-intensive
0.1035513572783997,0.5233093726268712,0.2145972714582228,Memory-intensive
0.1810895755329903,0.5301649335233998,0.11012342958706,Memory-intensive
0.1100183281521545,0.5248273864504053,0.0513581186983771,Memory-intensive
0.0712496144303578,0.5396858199132963,0.0349649769347389,Memory-intensive
0.0828587370392122,0.5150825128580331,0.1715303587367995,Memory-intensive
0.1406985618428473,0.5241872087313194,0.0,Memory-intensive
0.0111404355224044,0.4973214187589848,0.0894737846325226,Memory-intensive
0.1045594333109542,0.5328571895628681,0.0,Memory-intensive
0.1029553561824515,0.5224097995891885,0.0002759631403599,Memory-intensive
0.0662181198190709,0.5149059003908768,0.0,Memory-intensive
0.0,0.5352753186875459,0.0553346188781736,Memory-intensive
0.0780461847931343,0.5130954926756087,0.1471294250565502,Memory-intensive
0.0600848322201445,0.5190904856116112,0.2291569216052614,Memory-intensive
0.1211194792889144,0.5272930717117434,0.0,Memory-intensive
0.0474727616107554,0.4995920705673679,0.0007237669673319,Memory-intensive
0.0448868766311903,0.5003561469536719,0.0969245012529685,Memory-intensive
0.0020196886257172,0.5047005430270022,0.1346596497377545,Memory-intensive
0.071155898466068,0.510120954445473,0.0,Memory-intensive
0.0554748183568824,0.5172900879239183,0.0044024755151703,Memory-intensive
0.0596589259300216,0.536282777268965,0.0890749510842885,Memory-intensive
0.0877558794452187,0.5160329066784578,0.0657651496798948,Memory-intensive
0.0859486182639314,0.5184943705596081,0.1772346856537176,Memory-intensive
0.0839584517943987,0.5190626441833585,0.0,Memory-intensive
0.1254425192617752,0.526029057450602,0.0,Memory-intensive
0.0791165066008376,0.5258341604613912,0.0300632128039895,Memory-intensive
0.0624590000806922,0.5098695307644847,0.0,Memory-intensive
0.0416062312140936,0.5344876051093682,0.3859939556911754,Memory-intensive
0.0893131175938873,0.5089276355747323,0.0287819601250239,Memory-intensive
0.1663215604398172,0.5168271352036711,0.0,Memory-intensive
0.2085886419922707,0.5275093204642811,0.0016170668827437,Memory-intensive
0.0217229015547882,0.4962088949009354,0.0724203664282127,Memory-intensive
0.0996908329948554,0.5319229018843522,0.0,Memory-intensive
0.0842483941297835,0.4994322124435453,0.0,Memory-intensive
0.1475116542418563,0.5158816025133585,0.2310843329223323,Memory-intensive
0.0244298730265955,0.5184116119874621,0.0,Memory-intensive
0.0850608152564931,0.5438375626864751,0.0898961758654375,Memory-intensive
0.0526637551885487,0.5247519186550296,0.0742406389492881,Memory-intensive
0.1324563157267335,0.5022341299504071,0.0548485921386288,Memory-intensive
0.0397922403975631,0.5093887606744342,0.0,Memory-intensive
0.0296078576064457,0.518568438204721,0.0415325455908319,Memory-intensive
0.2263019952727802,0.512217448023043,0.0145171308746367,Memory-intensive
0.0834321003904007,0.5262659858283949,0.0446568077555629,Memory-intensive
0.0424011656113509,0.5165786518030174,0.0,Memory-intensive
0.080778273514089,0.5105981631494695,0.03752555343814,Memory-intensive
0.0476779285457984,0.5089446690385754,0.0,Memory-intensive
0.1984653132597868,0.5238232497701947,0.0,Memory-intensive
0.0746346386294349,0.5101116652709863,0.2855473201927296,Memory-intensive
0.080671805617442,0.509128499336961,0.0,Memory-intensive
0.142456985556012,0.513891976116963,0.0025195235129965,Memory-intensive
0.0786894887728783,0.5301955609924882,0.0821368149686744,Memory-intensive
0.1223795172714032,0.5241873979535712,0.0,Memory-intensive
0.1537970891175445,0.5109263182671817,0.1513273759121534,Memory-intensive
0.065770814099654,0.5175448821928923,0.0527719260319217,Memory-intensive
0.0498162953709424,0.5177067644809026,0.0387631698487197,Memory-intensive
0.0746878633344525,0.5202985922953313,0.0,Memory-intensive
0.1495486369737886,0.5268633005453044,0.0516844427535337,Memory-intensive
0.106607036857693,0.5223504731055397,0.0684130201576224,Memory-intensive
0.03373897560395,0.5023542312083792,0.0,Memory-intensive
0.0776596490554675,0.5120994968416992,0.0853640467681341,Memory-intensive
0.0677652639680213,0.5133044839618046,0.0881570550626119,Memory-intensive
0.0788179823190383,0.5151894272836967,0.0,Memory-intensive
0.07474799848703,0.5008320298559893,0.0,Memory-intensive
0.1009783043928683,0.5082386793072106,0.1766023424534111,Memory-intensive
0.1024255979818411,0.5137689736160573,0.1162011371053167,Memory-intensive
0.2081825197775193,0.5088313058644529,0.0,Memory-intensive
0.0481449648259785,0.5142379560325074,0.0379043107010687,Memory-intensive
0.1002904290588667,0.5121083848021198,0.0167765758744187,Memory-intensive
0.0346785254478199,0.5147294856716683,0.0,Memory-intensive
0.1127765101127915,0.5155927956591959,0.112503456962158,Memory-intensive
0.106038894258906,0.5341430857823662,0.0,Memory-intensive
0.0,0.5206216341728963,0.0,Memory-intensive
0.0195172205069882,0.5235159913608107,0.0,Memory-intensive
0.0126401040264151,0.5171684647739799,0.0097206374619416,Memory-intensive
0.0656815769972791,0.511135203490658,0.0950135831720408,Memory-intensive
0.2755904527438871,0.5101283706213324,0.0,Memory-intensive
0.1598627796946516,0.5202272599026807,0.0,Memory-intensive
0.1382338816995276,0.5034327394845587,0.1413715724003229,Memory-intensive
0.1079206398918369,0.518376553683963,0.0,Memory-intensive
0.1081284862981839,0.5179558691664146,0.0681451440546807,Memory-intensive
0.139412065866877,0.5168831247924481,0.0,Memory-intensive
0.103062820429382,0.502671922523792,0.0,Memory-intensive
0.1509366064393471,0.5147362371612823,0.0,Memory-intensive
0.1481369453147542,0.5322712124788728,0.0,Memory-intensive
0.0,0.5106537570424066,0.1642481780909686,Memory-intensive
0.0637545039451347,0.5402139197865029,0.0,Memory-intensive
0.0024649962318756,0.512216202716765,0.0552402276621495,Memory-intensive
0.0867863258304758,0.5260731620837329,0.0282805379760689,Memory-intensive
0.0,0.5244972758116274,0.0,Memory-intensive
0.084845628840197,0.5206421574600094,0.0,Memory-intensive
0.0626846216610653,0.5174921660232482,0.0,Memory-intensive
0.0309950149274103,0.5260341773921311,0.0652518445143168,Memory-intensive
0.0,0.5267677033816297,0.057734666565738,Memory-intensive
0.122407767913822,0.5113772333831951,0.0922922009364425,Memory-intensive
0.0562219690736409,0.5235057853304299,0.1261347933575554,Memory-intensive
0.1639655613782056,0.513088001986498,0.1296806114102738,Memory-intensive
0.104669750045575,0.5207062186051743,0.0713641533502077,Memory-intensive
0.1792328716755468,0.5323637024392559,0.0270435776721135,Memory-intensive
0.1438609816801551,0.5041631322280794,0.1046646696114815,Memory-intensive
0.0054317595908574,0.535986841236116,0.0,Memory-intensive
0.1249224118604394,0.5113545655438532,0.0,Memory-intensive
0.0321264340701581,0.5185754399209344,0.0,Memory-intensive
0.0831676727365281,0.5086791001782427,0.0097900791066607,Memory-intensive
0.0996276341259563,0.528076472428353,0.0231702143413379,Memory-intensive
0.0959917290722507,0.522469367186641,0.0,Memory-intensive
0.1092803687725728,0.5435202703078672,0.0058572792706702,Memory-intensive
0.0902041075194807,0.5181680804255471,0.0,Memory-intensive
0.0,0.5182755674704571,0.1127352853566534,Memory-intensive
0.0796810034772036,0.502477210486923,0.2103128383948256,Memory-intensive
0.1130717224460005,0.528205188593625,0.0,Memory-intensive
0.1294561713570726,0.5230570629760263,0.0,Memory-intensive
0.1990558845001801,0.533304915244357,0.0,Memory-intensive
0.0620810427598552,0.5094065679911556,0.0126426630780396,Memory-intensive
0.0368681525833271,0.5259119540020301,0.0412399712396043,Memory-intensive
0.0815068134451801,0.5178123880247105,0.1328684818647976,Memory-intensive
0.0255647682073337,0.5296218324253117,0.0,Memory-intensive
0.1131529733884138,0.5185568987096276,0.2138223210039783,Memory-intensive
0.1268239634040697,0.5146680668251946,0.0,Memory-intensive
0.0170615751782562,0.5147863270917623,0.0,Memory-intensive
0.1249187027143945,0.5172868162394859,0.1752223771019279,Memory-intensive
0.122244221867769,0.5216121970388028,0.0783107817635458,Memory-intensive
0.0267761522831505,0.5021450893784589,0.0,Memory-intensive
0.1528633238916709,0.511123308395709,0.0,Memory-intensive
0.0560382728360234,0.5189462820388017,0.0,Memory-intensive
0.0604310679805138,0.5137106680751035,0.2021335828947537,Memory-intensive
0.1033282328405663,0.5024468634385676,0.0526741530431032,Memory-intensive
0.0777899430104415,0.5145421730916125,0.0396129013091047,Memory-intensive
0.0930667778792612,0.5331481808995119,0.0585670620362663,Memory-intensive
0.0163876149792348,0.5224360791678547,0.0731206364922313,Memory-intensive
0.0064717404637922,0.512812629146493,0.2159919947735519,Memory-intensive
0.0602634345902478,0.520397019120568,0.0,Memory-intensive
0.1602150049147339,0.5273485687368151,0.0,Memory-intensive
0.0,0.5190073817250899,0.0379219877020255,Memory-intensive
0.1233532430973217,0.5068271088607722,0.0,Memory-intensive
0.1205973504407933,0.5280063776304755,0.0757604443147902,Memory-intensive
0.1073320852645545,0.5032552804816989,0.0479113085850687,Memory-intensive
0.0944559306839069,0.522189398407201,0.149644221631007,Memory-intensive
0.0680116124325947,0.5089856572000985,0.2699440939127243,Memory-intensive
0.0321820853960878,0.5260830933157691,0.0,Memory-intensive
0.0509661219952016,0.5180246279229779,0.0,Memory-intensive
0.041959409616664,0.5198780567931692,0.0,Memory-intensive
0.0601802413820385,0.5153697392530454,0.0,Memory-intensive
0.0361149890353661,0.5363890285593497,0.0442276522270913,Memory-intensive
0.2027521901096885,0.5274327357992031,0.0,Memory-intensive
0.2155369638063665,0.523840911371834,0.0,Memory-intensive
0.0755918036978659,0.5222179025751248,0.0230458080389799,Memory-intensive
0.0,0.5002398224926882,0.0866335587390349,Memory-intensive
0.0707178522733595,0.5096824342046019,0.0,Memory-intensive
0.0682767255363105,0.5124449359585911,0.0,Memory-intensive
0.0678599448331963,0.5127450021586606,0.0,Memory-intensive
0.1263517250563415,0.5121131479659083,0.0938658092743457,Memory-intensive
0.1180200281507612,0.513316889587757,0.0,Memory-intensive
0.2161031349985874,0.5210386106088294,0.0,Memory-intensive
0.1292835406995336,0.5365605760925879,0.1198119820588825,Memory-intensive
0.0,0.5065143533902543,0.0557813423303427,Memory-intensive
0.0666933323248752,0.5144199575344716,0.0582671764898764,Memory-intensive
0.0654963773338581,0.52522285409911,0.3488010609097849,Memory-intensive
0.099079386602128,0.5212260735550871,0.0,Memory-intensive
0.0493670427637817,0.5000828282703931,0.0,Memory-intensive
0.062325135134231,0.5192685166512164,0.1422573000431473,Memory-intensive
0.0295256605068253,0.5216142651033093,0.033954087206797,Memory-intensive
0.0948702663659375,0.5214500892344871,0.0782367033448432,Memory-intensive
0.0579180663591236,0.5059283287549313,0.0,Memory-intensive
0.1333469016498307,0.5297204720347949,0.0974485933705858,Memory-intensive
0.0998107373609741,0.5228148518459048,0.0,Memory-intensive
0.1130873306867526,0.5176748978485171,0.1227623704564137,Memory-intensive
0.0134904948060989,0.5085867159517931,0.0,Memory-intensive
0.0,0.5269939379275366,0.0,Memory-intensive
0.0515663515039257,0.51755953937493,0.175385796395886,Memory-intensive
0.1206531311749894,0.5198811961704031,0.0,Memory-intensive
0.0751932959195092,0.5114809576497857,0.0,Memory-intensive
0.0738793996785469,0.5310905537335948,0.0,Memory-intensive
0.0810033643847351,0.5070018871706826,0.10275980798749,Memory-intensive
0.2547641978402617,0.5185401676366097,0.0,Memory-intensive
0.1508879635171392,0.5154629401403237,0.0,Memory-intensive
0.0007233148757944,0.5196738350522483,0.065133073096934,Memory-intensive
0.0859199279137593,0.5566827524255927,0.030510173876351,Memory-intensive
0.0706415578180731,0.5115553028725707,0.21226108553561,Memory-intensive
0.1742878050300647,0.4934220527530742,0.1899748647926526,Memory-intensive
0.1071577488031046,0.5206993430730812,0.3026506462655418,Memory-intensive
0.0351065654553167,0.4987750555645583,0.0598941988237566,Memory-intensive
0.104138639192291,0.5014292532237434,0.052310591519453,Memory-intensive
0.0903202301599884,0.5003478474096599,0.0,Memory-intensive
0.0242994578511865,0.4989890755112169,0.0139328145255481,Memory-intensive
0.0526044488785469,0.5156740911833595,0.048541692784814,Memory-intensive
0.1053187018289401,0.5215359851530476,0.0,Memory-intensive
0.0980082878977724,0.5249980913382198,0.0,Memory-intensive
0.0869296282209988,0.5361692938753017,0.0,Memory-intensive
0.0666401843248623,0.5116157193101845,0.0,Memory-intensive
0.0,0.5303980793044678,0.0,Memory-intensive
0.1920016007533037,0.5029311067522187,0.0104195846528438,Memory-intensive
0.1318419122991341,0.5273958763470994,0.162960574610126,Memory-intensive
0.0781291577268251,0.5326615941568116,0.0,Memory-intensive
0.1515563379544812,0.5269112630640088,0.063508446714242,Memory-intensive
0.1148752329856766,0.512108538517964,0.0,Memory-intensive
0.1272906693656459,0.528638113805726,0.0,Memory-intensive
0.1933128799418139,0.5175898225703471,0.0,Memory-intensive
0.1317580392535046,0.5104129304590478,0.0,Memory-intensive
0.0893240780120884,0.5133852964936813,0.184089994164575,Memory-intensive
0.1475816354304964,0.5079699891392472,0.1413579388834044,Memory-intensive
0.1244051156262834,0.5282720846531171,0.0,Memory-intensive
0.0578445118454653,0.5249537147068833,0.0861948815557991,Memory-intensive
0.1293589713708244,0.515062404354067,0.0091013475942733,Memory-intensive
0.0412593533677376,0.511950572569905,0.0951095154754686,Memory-intensive
0.0,0.5130478978023102,0.0,Memory-intensive
0.052763058235942,0.5215776613957692,0.0357334595529275,Memory-intensive
0.1092649588450003,0.515388618808538,0.0,Memory-intensive
0.0621141946359355,0.5251871473003116,0.0682103496482354,Memory-intensive
0.107144798259583,0.5080190663389641,0.2515805624911511,Memory-intensive
0.1874487826281877,0.5187843351725466,0.0,Memory-intensive
0.1230051512923183,0.5094910520947973,0.0697997140703629,Memory-intensive
0.0647517509199814,0.5063939224913128,0.0,Memory-intensive
0.0470954435490627,0.5230989231662645,0.1129203069218924,Memory-intensive
0.0205216688954243,0.53167798091171,0.0,Memory-intensive
0.0154689006350348,0.52395364705228,0.0,Memory-intensive
0.0698559488447918,0.5286094096428968,0.0923567653146485,Memory-intensive
0.0682910927021643,0.5247304297166505,0.1195029159005163,Memory-intensive
0.018168839128952,0.5160746697011683,0.0,Memory-intensive
0.1165574052911152,0.5148119020918124,0.0098918021691055,Memory-intensive
0.0252966494359157,0.5139843882947968,0.0,Memory-intensive
0.10683032494281,0.5233385447157908,0.146327035914944,Memory-intensive
0.108447269445656,0.5150446535363903,0.0715639583781456,Memory-intensive
0.029108594049412,0.5090588747111421,0.032718850658766,Memory-intensive
0.0988325593498252,0.5090932285479461,0.0,Memory-intensive
0.1638180297468353,0.5025299228852178,0.0336002958999282,Memory-intensive
0.0462013598860286,0.5205441960974003,0.2397807187699262,Memory-intensive
0.0884741555524636,0.5110375735631862,0.0,Memory-intensive
0.038705203608485,0.5150441130800322,0.1909817077779727,Memory-intensive
0.0848159533603771,0.5243409306751604,0.1356101336931101,Memory-intensive
0.1377012898092807,0.50860846209339,0.1753084791747881,Memory-intensive
0.1745117848694546,0.5289037028153365,0.0772942265891197,Memory-intensive
0.0366505520349225,0.5191221702849483,0.0389832629114235,Memory-intensive
0.05618394840224,0.5156510892605461,0.0,Memory-intensive
0.0543113583046816,0.5040368895041558,0.0,Memory-intensive
0.0,0.5264980017771926,0.0,Memory-intensive
0.0890736693809548,0.5245825436398542,0.0,Memory-intensive
0.1213506130914869,0.5114726940130642,0.0,Memory-intensive
0.1687006765138822,0.5289984038552398,0.0,Memory-intensive
0.0702746301778929,0.5309904961817582,0.0,Memory-intensive
0.0632150005740615,0.5298880427559739,0.0,Memory-intensive
0.0484717708499206,0.5030667347339535,0.0,Memory-intensive
0.0975322560454601,0.535813299796913,0.3088139111959677,Memory-intensive
0.0225959148102434,0.5107021621731949,0.0603444178129565,Memory-intensive
0.1566129910471229,0.5094253245336817,0.0,Memory-intensive
0.1249087976082512,0.5182665990096524,0.1648589382869142,Memory-intensive
0.0939503544473916,0.5200840982924528,0.0125588219850396,Memory-intensive
0.1372997084074717,0.5220531814737284,0.0,Memory-intensive
0.1309917814519972,0.5227574784372794,0.082295405615513,Memory-intensive
0.0343313216017844,0.5113304415405617,0.110370822443818,Memory-intensive
0.0544063040176522,0.5134580987605509,0.0,Memory-intensive
0.0847877098246664,0.5211796622813041,0.0,Memory-intensive
0.0955583739137177,0.5336990691871242,0.0353391131976058,Memory-intensive
0.0,0.5207878500913566,0.0,Memory-intensive
0.1076025440677815,0.5159400289699385,0.1000179802065661,Memory-intensive
0.1389469586260849,0.5190702819847461,0.0,Memory-intensive
0.123366981113516,0.5014192680123666,0.0231039319933233,Memory-intensive
0.0703456533471505,0.5233883941260872,0.0,Memory-intensive
0.0537875575041472,0.5177410376482718,0.0,Memory-intensive
0.0227550842659662,0.5151161035973809,0.0,Memory-intensive
0.1926033954097939,0.5115017675708039,0.0,Memory-intensive
0.0778015952716987,0.5256613442983421,0.2665328353085338,Memory-intensive
0.0861647962778166,0.521807768397937,0.0,Memory-intensive
0.0,0.5195276773789758,0.0,Memory-intensive
0.0895963503685342,0.5283620058695451,0.0,Memory-intensive
0.0807224858041909,0.5075657900499533,0.0,Memory-intensive
0.1052643782134452,0.510803724836112,0.0748752253132397,Memory-intensive
0.0994840526355774,0.5223073131128625,0.0,Memory-intensive
0.111362621223989,0.5219175050332575,0.155727233702374,Memory-intensive
0.0,0.5238991667793582,0.1930696754098982,Memory-intensive
0.1050387845315766,0.5195683876168492,0.2349269265616588,Memory-intensive
0.0163655473173337,0.535096516060584,0.1520728140682597,Memory-intensive
0.1488648755783359,0.5297851530981504,0.0,Memory-intensive
0.0849980771716369,0.5080369918012704,0.1976489042979522,Memory-intensive
0.1741242670297242,0.5287802654504363,0.0853072855655918,Memory-intensive
0.1526559092242572,0.5253862390469302,0.0417826854248999,Memory-intensive
0.0862434368248436,0.5121563623093192,0.1281438602372339,Memory-intensive
0.1037483930639609,0.5176853201961477,0.0,Memory-intensive
0.1763109378577017,0.5204793552216034,0.0,Memory-intensive
0.0538758763138024,0.5073056063020771,0.0,Memory-intensive
0.1195890826911948,0.5196448757579922,0.0169638207323538,Memory-intensive
0.1618751762424191,0.5242508380914727,0.2518467009970594,Memory-intensive
0.1552456503396292,0.5439946227467577,0.0,Memory-intensive
0.1713098304577515,0.5286721640008851,0.0016167124208476,Memory-intensive
0.1054244092985037,0.524185471886809,0.0911995535375689,Memory-intensive
0.1612787427666564,0.5273543702407887,0.1309997547269827,Memory-intensive
0.1071457979685952,0.5293165760726289,0.0,Memory-intensive
0.0916787960661901,0.5212982766120537,0.0,Memory-intensive
0.0839089313972916,0.5255503312381997,0.0824631179114149,Memory-intensive
0.033149779855328,0.5161034863460142,0.0,Memory-intensive
0.0,0.5202945877739377,0.0643689236668853,Memory-intensive
0.1501789216437095,0.510160246638942,0.3324010424515998,Memory-intensive
0.0870152803151835,0.5215015448403091,0.0,Memory-intensive
0.1296805416715082,0.5046817440541508,0.0,Memory-intensive
0.031072934367278,0.5123236215205798,0.1075723116473483,Memory-intensive
0.0869866518556756,0.5180495200123847,0.0,Memory-intensive
0.0366625004806981,0.5160385235343846,0.0,Memory-intensive
0.1456248784729658,0.5046433878970183,0.012264259718154,Memory-intensive
0.1557283740439097,0.5104667424176467,0.1887616096841603,Memory-intensive
0.1056755771441896,0.5164315303124363,0.0,Memory-intensive
0.0427243135777098,0.5319611124726814,0.0,Memory-intensive
0.014842951291838,0.5189072385653037,0.0,Memory-intensive
0.1401453619655817,0.5321648763974424,0.0271908488052563,Memory-intensive
0.1301225836467643,0.5135345922041101,0.0853802377662194,Memory-intensive
0.0405688064628631,0.5242183539093278,0.0,Memory-intensive
0.0702799753930175,0.522795847772604,0.1014340216752318,Memory-intensive
0.0622646604004298,0.523924188982581,0.0091633053391478,Memory-intensive
0.090037374061152,0.5129338148877485,0.094897912495729,Memory-intensive
0.0546753051646396,0.5193030064376608,0.0128532885982535,Memory-intensive
0.1214567700740261,0.5262601950366586,0.0270059478837699,Memory-intensive
0.0435276864913579,0.5181363725803357,0.0,Memory-intensive
0.0500300892704807,0.5214913492009623,0.2142487903298078,Memory-intensive
0.0,0.5206955723862604,0.0,Memory-intensive
0.1237985319046258,0.5271235572291993,0.0410743949542063,Memory-intensive
0.0,0.517238514409164,0.2476958061713793,Memory-intensive
0.1215120271137659,0.5205020682690177,0.0,Memory-intensive
0.0314959473983223,0.5109285734898391,0.1819765415606136,Memory-intensive
0.0409633786261718,0.5079907626360821,0.0,Memory-intensive
0.0688929335036843,0.5111185779664973,0.0,Memory-intensive
0.1482091870105709,0.5198520889473827,0.021858046592954,Memory-intensive
0.0508316747980508,0.5241176691698439,0.1068438069422677,Memory-intensive
0.076615131783883,0.5264071324751084,0.0,Memory-intensive
0.0247281325708382,0.5236796653149269,0.0,Memory-intensive
0.0663333804194369,0.5162189480549673,0.0782570212517581,Memory-intensive
0.1332794148817067,0.5070516876624037,0.1426810595088009,Memory-intensive
0.072739224659083,0.5050371898506184,0.0188279590487828,Memory-intensive
0.16547616402331,0.5086926924681575,0.1103702335119812,Memory-intensive
0.0846010392197345,0.5221576926998982,0.2750566741344461,Memory-intensive
0.0607779772976673,0.5174661614879027,0.1767462988922993,Memory-intensive
0.143813713749143,0.5034121857163915,0.0,Memory-intensive
0.0728472354306864,0.5016270960510351,0.0944850852612499,Memory-intensive
0.072493843447817,0.509518809897593,0.0,Memory-intensive
0.1529891033097798,0.5206905483059691,0.0,Memory-intensive
0.1757110735402243,0.5304775348371712,0.108097603870062,Memory-intensive
0.0463474164919103,0.5247126347450389,0.1713577766476466,Memory-intensive
0.0507646750765726,0.5098447855005311,0.0,Memory-intensive
0.066370510540729,0.5211219002699218,0.0267816048572204,Memory-intensive
0.0618622489702428,0.5182637831483835,0.0571081437072464,Memory-intensive
0.097357986455119,0.5326946990406191,0.0,Memory-intensive
0.2213247787014864,0.5024208397882515,0.0,Memory-intensive
0.0690145400213223,0.5056777317017078,0.0,Memory-intensive
0.1399586993312384,0.5228627433198816,0.1294404621014528,Memory-intensive
0.1128707151503333,0.5117307362041712,0.0151368974557988,Memory-intensive
0.1928905810288408,0.5150788687060807,0.1720849268273589,Memory-intensive
0.0973445736112343,0.5192218472700391,0.0301834343184623,Memory-intensive
0.0361588224949993,0.5208554425274793,0.0896562345982074,Memory-intensive
0.0044525419802243,0.5062336779416595,0.0841111065033929,Memory-intensive
0.0936520906885902,0.5170877347992215,0.0,Memory-intensive
0.0,0.5209023203827062,0.1653385558542075,Memory-intensive
0.0703239016311896,0.5262600945570898,0.0002410489119739,Memory-intensive
0.0844717715739501,0.5335146955435931,0.0,Memory-intensive
0.1379937340762291,0.5183074442760112,0.0,Memory-intensive
0.0415038537976082,0.5411645249847357,0.0030594078066757,Memory-intensive
0.091506081865703,0.5167998405250482,0.0706030842390777,Memory-intensive
0.0,0.5136868892148431,0.0509820795356007,Memory-intensive
0.015326476100258,0.5178401714873685,0.0,Memory-intensive
0.0597996419208998,0.5171290387565967,0.1139064920089317,Memory-intensive
0.0587338336548528,0.5198618472884068,0.0146858974242702,Memory-intensive
0.0043237073958912,0.5224728064908514,0.0514576489780017,Memory-intensive
0.1657038000936377,0.5131091553323383,0.0543784313695124,Memory-intensive
0.046621475073764,0.5161826740334184,0.0,Memory-intensive
0.2533134836253906,0.5324303436719822,0.037871799011574,Memory-intensive
0.1728774010426361,0.5135616797291461,0.0,Memory-intensive
0.0289707486803421,0.5077242031134644,0.0785243120387239,Memory-intensive
0.0168461772506551,0.5085708476027231,0.0,Memory-intensive
0.0393871812675272,0.5106266112383852,0.1764155700225407,Memory-intensive
0.0,0.5089930919594668,0.1212343620744166,Memory-intensive
0.0065621604224961,0.518867627069981,0.0,Memory-intensive
0.0566942943883925,0.5275671512600955,0.0,Memory-intensive
0.0,0.521708590711669,0.0455787154191203,Memory-intensive
0.0910722873264738,0.5283114656378206,0.0,Memory-intensive
0.0641624567311664,0.5296798352296822,0.0,Memory-intensive
0.0838145342786478,0.537324173149664,0.1315210880002603,Memory-intensive
0.0898478657405516,0.5225605483889787,0.0,Memory-intensive
0.1175738095615888,0.5222658016656695,0.1257551483673511,Memory-intensive
0.1655138121123918,0.5239161901723249,0.0172157447500987,Memory-intensive
0.0695050275616894,0.5346752156154148,0.0,Memory-intensive
0.1152208183004475,0.5177094098520391,0.1481601412187578,Memory-intensive
0.1501376577335959,0.5181069832886835,0.0191073071673847,Memory-intensive
0.039505578717682,0.5326075112095259,0.036552054740741,Memory-intensive
0.0760557263778054,0.5157716111397648,0.0,Memory-intensive
0.1211980609471405,0.519847606956128,0.1130786969894643,Memory-intensive
0.0587493699117066,0.5314361003455021,0.0770294732514671,Memory-intensive
0.0843329632680473,0.5215605561484049,0.1902113202931342,Memory-intensive
0.1392561291364943,0.5156026891502035,0.1890816137966268,Memory-intensive
0.0934864733065126,0.5094398784427961,0.1872481749978445,Memory-intensive
0.1849297566390736,0.5119089276836699,0.0,Memory-intensive
0.1573932062272667,0.5212888001996387,0.0,Memory-intensive
0.0126569040138281,0.51155931269382,0.0541576094468789,Memory-intensive
0.0757587172922395,0.5107022614048635,0.0177593129792496,Memory-intensive
0.0,0.5345951116102866,0.0,Memory-intensive
0.1599715290112698,0.5272774430526197,0.0,Memory-intensive
0.1201834205682037,0.5264463279165335,0.0785458611668432,Memory-intensive
0.0254688066455797,0.5225965201347349,0.0,Memory-intensive
0.0882339830965679,0.524048579834365,0.1115779186346711,Memory-intensive
0.0359112593024223,0.5272504491901581,0.0744799292034849,Memory-intensive
0.0603129056366318,0.5289114444573659,0.0622285443056178,Memory-intensive
0.1183818403199498,0.5277289162654162,0.0,Memory-intensive
0.1232250192645265,0.5150564655770231,0.1612825931041532,Memory-intensive
0.199145485019227,0.4981138962322439,0.1126955295059936,Memory-intensive
0.0777101080925186,0.5207189553619738,0.104262859384246,Memory-intensive
0.0671857392888266,0.5102349476207849,0.0,Memory-intensive
0.168227553174817,0.5143642001267258,0.0756643108503441,Memory-intensive
0.1705268462620219,0.5185104272496192,0.0,Memory-intensive
0.0595127673695106,0.521799067019008,0.0,Memory-intensive
0.1280058235794505,0.5208905412283183,0.0716659564991719,Memory-intensive
0.1475643039369725,0.5022590936048218,0.0061261999056274,Memory-intensive
0.1582246985649974,0.5290437736491288,0.0,Memory-intensive
0.0457946263293272,0.5353581305857174,0.0265857664262574,Memory-intensive
0.0567271533884714,0.5179170410241725,0.0827432193087052,Memory-intensive
0.0698971389507291,0.5092205931490461,0.2155985798690567,Memory-intensive
0.0487675600899738,0.5055310229293455,0.0,Memory-intensive
0.0597902394367727,0.5195232120567643,0.1575785378148744,Memory-intensive
0.0385191354412204,0.51815953959622,0.1326270269164403,Memory-intensive
0.127765310447816,0.4908749980904475,0.0,Memory-intensive
0.0987129721778696,0.5142801886911406,0.0069782926386531,Memory-intensive
0.0374342488395324,0.5404629843004849,0.1418964556841006,Memory-intensive
0.0,0.5186588363594578,0.1097652535373053,Memory-intensive
0.1063115597307633,0.5299094785932352,0.1346076846242681,Memory-intensive
0.0,0.5243245557481219,0.0272789367244546,Memory-intensive
0.0091987930924042,0.5128416929815509,0.0461108250651775,Memory-intensive
0.132724412814648,0.5206586433253922,0.0760914524571191,Memory-intensive
0.0,0.5186087242410045,0.0709959617271763,Memory-intensive
0.1293738801434261,0.5044286863880415,0.1316634712116774,Memory-intensive
0.1729696221707261,0.5168303928098441,0.0,Memory-intensive
0.2013511403491731,0.520685150147212,0.1114544811643144,Memory-intensive
0.0750057568807221,0.5417643901995758,0.0223494092410939,Memory-intensive
0.0200697793942467,0.5145694501485203,0.0,Memory-intensive
0.0937631109699303,0.5187012345110873,0.1996144103017789,Memory-intensive
0.1521758386688991,0.5156312291763975,0.0,Memory-intensive
0.1106879763127767,0.5124961932998265,0.0275681974815124,Memory-intensive
0.0,0.5081528494397206,0.0,Memory-intensive
0.0,0.5112984187450804,0.0151146460962787,Memory-intensive
0.1628224539561535,0.5225987922369867,0.1560151882902598,Memory-intensive
0.1315871688114736,0.5314034079596447,0.160521100502181,Memory-intensive
0.0,0.5122662290443875,0.152014866705197,Memory-intensive
0.0379800066640149,0.5147256179441408,0.0,Memory-intensive
0.1160637032292286,0.5146513965209276,0.0,Memory-intensive
0.152519583896887,0.5164296923418104,0.1098271888893078,Memory-intensive
0.0066183410287893,0.5124048456888523,0.0,Memory-intensive
0.0679395966916785,0.5158242027823521,0.0857553097925798,Memory-intensive
0.0838994665536541,0.5069506802199534,0.0783856995774901,Memory-intensive
0.0,0.517231989248198,0.0,Memory-intensive
0.048328196919478,0.5131604572049688,0.0,Memory-intensive
0.0212944960265734,0.5019951706257181,0.1659278741594306,Memory-intensive
0.1119032543214111,0.5151699792544694,0.0,Memory-intensive
0.0887107426156191,0.5082924008439688,0.0,Memory-intensive
0.2375677078207395,0.5192342731622597,0.0,Memory-intensive
0.0993649663067897,0.5345120400373332,0.0,Memory-intensive
0.0375263557745321,0.517230576347865,0.0,Memory-intensive
0.0788030298844397,0.5179458243464767,0.074031454367433,Memory-intensive
0.0631198682606009,0.5202355340820007,0.0,Memory-intensive
0.0824713165961822,0.5012516200933301,0.0117470994984386,Memory-intensive
0.0895922907563602,0.5200738731074132,0.004906549121212,Memory-intensive
0.1228492223072101,0.5138757894299145,0.0,Memory-intensive
0.0191245221683363,0.5288088287578234,0.1992592416999216,Memory-intensive
0.048140368819901,0.5116332212003841,0.0970182813010849,Memory-intensive
0.0601839978791791,0.5219379887936615,0.0622264009522005,Memory-intensive
0.0747196464596104,0.4988113551903663,0.0,Memory-intensive
0.149391482410344,0.5205643256883337,0.0194977043607374,Memory-intensive
0.017352965797255,0.5257389363000899,0.037800600462922,Memory-intensive
0.1561838071964117,0.5069395153364833,0.0,Memory-intensive
0.0942264035559752,0.5145117022055734,0.1250636850579008,Memory-intensive
0.090536147019495,0.5171110344881852,0.0350417427167511,Memory-intensive
0.1286268337123565,0.512661515433393,0.0,Memory-intensive
0.0012460389650797,0.5146352832704586,0.0,Memory-intensive
0.0,0.5223319708981259,0.0,Memory-intensive
0.0,0.5013531417977931,0.0,Memory-intensive
0.2912133706887254,0.526088853844299,0.0683722099230267,Memory-intensive
0.0,0.5228425099054397,0.0,Memory-intensive
0.0810058086917256,0.5144954645393807,0.0,Memory-intensive
0.0549287671444121,0.5092668494297468,0.046225984067549,Memory-intensive
0.0393196987851431,0.500892735846334,0.0,Memory-intensive
0.0926557046076104,0.5194124566209873,0.0988908528385798,Memory-intensive
0.1192223057447852,0.5276981016737259,0.0,Memory-intensive
0.1325298408141102,0.5071407844997959,0.0177258783134964,Memory-intensive
0.0194490556968124,0.521585249264258,0.0,Memory-intensive
0.0,0.4990311670349157,0.2770856413295069,Memory-intensive
0.1255102877067316,0.5168808811531352,0.0,Memory-intensive
0.0908283939081379,0.5114735541024197,0.060020692672421,Memory-intensive
0.1258141697133647,0.5289223410355854,0.0,Memory-intensive
0.0152994228118438,0.5281880701674568,0.0,Memory-intensive
0.0604133210511642,0.5084836936614806,0.2151046718485977,Memory-intensive
0.0794398909336901,0.5124712600992941,0.217243461775788,Memory-intensive
0.1667931835624533,0.5118674865976992,0.1359723027569785,Memory-intensive
0.1335393134233261,0.5150850757453375,0.0,Memory-intensive
0.0646254527002108,0.5161306412692357,0.0,Memory-intensive
0.1843958111571629,0.5134831521085835,0.0,Memory-intensive
0.0195887191885753,0.5025005353489329,0.0,Memory-intensive
0.0,0.5288844387312784,0.0,Memory-intensive
0.0531811448702415,0.5219836227961765,0.1059541084939746,Memory-intensive
0.049011380499672,0.5284421653375961,0.1340720494991663,Memory-intensive
0.0812060205639284,0.5328620486360537,0.0,Memory-intensive
0.1231535284567642,0.5268750431358006,0.0112190799673361,Memory-intensive
0.0437302380095665,0.5160965039874928,0.0176864658729188,Memory-intensive
0.0776157554394188,0.5266529880947071,0.0107896033461518,Memory-intensive
0.1468958403959714,0.51681908955397,0.0,Memory-intensive
0.085157154446324,0.5210661925529411,0.0,Memory-intensive
0.0557638963909098,0.51253223190735,0.1117445047831768,Memory-intensive
0.145393752611471,0.5244517256751798,0.0,Memory-intensive
0.0,0.5206937962079569,0.0,Memory-intensive
0.1114845165201305,0.5143592062719387,0.0620585167705447,Memory-intensive
0.0579616236004277,0.5199396821792426,0.0,Memory-intensive
0.0205619435172146,0.5389477956927948,0.0,Memory-intensive
0.1941197271750781,0.5144146286849905,0.0184185945969115,Memory-intensive
0.1212776191516735,0.5095437338335105,0.0,Memory-intensive
0.0578835885438083,0.5187960672162355,0.0160241561215596,Memory-intensive
0.1743882906903246,0.5149500098287457,0.0,Memory-intensive
0.0828382765659624,0.5161625074147664,0.1906081047801611,Memory-intensive
0.0961423900427872,0.5139762818999609,0.0,Memory-intensive
0.0292650807331344,0.5155223810942189,0.0202126947342039,Memory-intensive
0.018079085852183,0.4971768341577316,0.0,Memory-intensive
0.0498967449162488,0.5140046345803393,0.0,Memory-intensive
0.0,0.5174987144042243,0.0,Memory-intensive
0.0735104168000476,0.5208231946266229,0.1025797349328615,Memory-intensive
0.172200004984419,0.5079504696703107,0.0,Memory-intensive
0.0,0.5192965531691884,0.0,Memory-intensive
0.0362479769562338,0.5334518116034985,0.1458840139599365,Memory-intensive
0.1768027163879242,0.5152975851145108,0.0564568424843378,Memory-intensive
0.1168315712892087,0.5234361690647823,0.0,Memory-intensive
0.0748006560829415,0.5206903044822442,0.0,Memory-intensive
0.079774499371463,0.5289131485848547,0.028517021713639,Memory-intensive
0.0258754492022427,0.5158093263763777,0.067608100396132,Memory-intensive
0.0723492344227636,0.5041665602066984,0.2684624749763271,Memory-intensive
0.0,0.5381404985874075,0.0660485497283164,Memory-intensive
0.0104347460000708,0.5251391820109166,0.0428840116821285,Memory-intensive
0.0900675648475373,0.5199852344932241,0.1868228090364544,Memory-intensive
0.0,0.5025772171990575,0.0,Memory-intensive
0.1415148771409974,0.5201314300769745,0.0,Memory-intensive
0.1555392543211151,0.5141102757691296,0.0,Memory-intensive
0.1834185545451742,0.5218403254958498,0.0,Memory-intensive
0.0853930431487486,0.5273747539161902,0.0165807173302328,Memory-intensive
0.0403855821058029,0.5253773594507488,0.0,Memory-intensive
0.0257854102306393,0.5187132024543087,0.0,Memory-intensive
0.026962922148814,0.5103596539887073,0.0,Memory-intensive
0.0011495984475952,0.5271542181499123,0.0419224582792851,Memory-intensive
0.0952158220728097,0.5063817966759844,0.0284868593102251,Memory-intensive
0.0301564781693398,0.5161633520633128,0.0,Memory-intensive
0.1609292369712834,0.5107535064196933,0.09695297440833,Memory-intensive
0.0871771901755393,0.5185008452067936,0.031661476937647,Memory-intensive
0.0630038323935031,0.532908926815303,0.1093119574138785,Memory-intensive
0.1050778529821876,0.5261826089652638,0.0791730779815126,Memory-intensive
0.1150878778914118,0.5156483958871333,0.0500853201864854,Memory-intensive
0.0981500583500848,0.5258258284005276,0.0080831862414834,Memory-intensive
0.1222517955740354,0.5195620274704863,0.2028584198186627,Memory-intensive
0.1191312581927283,0.5323515249409986,0.1010938773904702,Memory-intensive
0.0859054188065938,0.515831372420849,0.0395907203509473,Memory-intensive
0.1246136383043549,0.5204419501287632,0.0053194473491774,Memory-intensive
0.1064373342213357,0.508354586588473,0.0,Memory-intensive
0.0304347975377908,0.5191462329470753,0.0541054537817125,Memory-intensive
0.0405774757940591,0.5224474444225174,0.0513222164229815,Memory-intensive
0.0904154132196705,0.5218574012002971,0.180634244762019,Memory-intensive
0.0185184909450853,0.5136868525409205,0.0840970201585827,Memory-intensive
0.0810548139646368,0.5162139557596908,0.0318893374889551,Memory-intensive
0.1384269656426424,0.5129914594007554,0.0915357884933513,Memory-intensive
0.0281825163801227,0.5216517983062162,0.0,Memory-intensive
0.1265918261622482,0.538327214443228,0.0805474692958982,Memory-intensive
0.0615844061418627,0.5352474633410481,0.0586967049042917,Memory-intensive
0.0480941907480111,0.523447982524144,0.0903422835133722,Memory-intensive
0.1207726655721108,0.5127043174958318,0.1082101873595126,Memory-intensive
0.1081826686239798,0.5050651825364818,0.1300636596334276,Memory-intensive
0.0365433851944641,0.5224081646356116,0.0,Memory-intensive
0.0516648319203268,0.5106645314926617,0.1786661712359161,Memory-intensive
0.125476183760552,0.5279722959618796,0.1962042171859767,Memory-intensive
0.2444623724565419,0.526113556149529,0.0807850099465674,Memory-intensive
0.0388974508511134,0.5118791435347037,0.0,Memory-intensive
0.0664145794757572,0.5172556363856882,0.0,Memory-intensive
0.0,0.5198879958829469,0.0770103938313376,Memory-intensive
0.0676256456705676,0.5105580981266544,0.0,Memory-intensive
0.0059456921017145,0.5191605625101867,0.0,Memory-intensive
0.1551671051404255,0.5133274234959954,0.0,Memory-intensive
0.0391313317811015,0.5075057626144166,0.0966778165807809,Memory-intensive
0.0781218524409832,0.5324028262711525,0.0,Memory-intensive
0.070478181297789,0.5285673411117067,0.0,Memory-intensive
0.0782887482351409,0.508694787239953,0.1512809840187933,Memory-intensive
0.0529385892481539,0.5300871197169273,0.1288686659264697,Memory-intensive
0.0847655484758628,0.5102237355204643,0.0,Memory-intensive
0.0,0.5044634387418411,0.0787583687510563,Memory-intensive
0.1734292326517433,0.5318552275744266,0.0,Memory-intensive
0.1167394576882922,0.5214468305384452,0.1346143824291712,Memory-intensive
0.061250681797235,0.5076106288019927,0.2319126294631475,Memory-intensive
0.172388506038249,0.5275712903502948,0.0,Memory-intensive
0.149848253920019,0.5134452630782158,0.0,Memory-intensive
0.1049268319729501,0.541221910243741,0.1470928050891274,Memory-intensive
0.1692214980631791,0.5179851118429818,0.0,Memory-intensive
0.0941458378180075,0.5296800285058775,0.0,Memory-intensive
0.0976428249166405,0.5118874352667371,0.0114284649320838,Memory-intensive
0.0975076400868821,0.5241583227123932,0.0,Memory-intensive
0.0546603743312512,0.508240105616316,0.1231127910159534,Memory-intensive
0.159779433061921,0.5155848988839842,0.0,Memory-intensive
0.0994962936013765,0.5107258415065017,0.0968663826260259,Memory-intensive
0.0,0.5153784388263348,0.0,Memory-intensive
0.0766355023851004,0.523463256227539,0.1239107006504725,Memory-intensive
0.1296152447534976,0.53057925798458,0.0,Memory-intensive
0.1245135864687171,0.5153956691148004,0.0,Memory-intensive
0.1666179747366739,0.5080003392157065,0.0210757764789244,Memory-intensive
0.0686137314629397,0.5162978348514982,0.0,Memory-intensive
0.0758574804899077,0.5024230551686005,0.3939957542008734,Memory-intensive
0.10303915954951,0.5043685566042854,0.0453770463012747,Memory-intensive
0.1436716796624297,0.5184479480670817,0.1692568909879735,Memory-intensive
0.1533370379252681,0.5426174698013206,0.0,Memory-intensive
0.0499576908489388,0.5278650848227446,0.0063083777517194,Memory-intensive
0.0,0.5118545332503293,0.0,Memory-intensive
0.055587810160316,0.5326979734879358,0.0276189943459123,Memory-intensive
0.0458483350902389,0.5144244105584521,0.0,Memory-intensive
0.0427408171140764,0.5100931523185949,0.1404195250100238,Memory-intensive
0.0,0.5139114246080813,0.0,Memory-intensive
0.0492750625731574,0.5241005204089081,0.0,Memory-intensive
0.1755697884974796,0.5189801828235087,0.099641293379104,Memory-intensive
0.0277867461886594,0.5427741759793641,0.0997717637015364,Memory-intensive
0.138146641178145,0.5159092253170532,0.0,Memory-intensive
0.0561393393407051,0.5199189543309057,0.0384414580982176,Memory-intensive
0.0404974586320852,0.5015175927617971,0.26374233058764,Memory-intensive
0.1325015423922417,0.5073301420424462,0.0983923195280053,Memory-intensive
0.0,0.5274160061425159,0.0022055062869624,Memory-intensive
0.077229747332026,0.5156955638041687,0.0999064479748023,Memory-intensive
0.0456641211643047,0.5167601195151349,0.0,Memory-intensive
0.1057549479656602,0.507491144714795,0.1700065410155892,Memory-intensive
0.1242115296055399,0.5249667235496387,0.0495776760304597,Memory-intensive
0.0681635691752881,0.5084131013690939,0.0,Memory-intensive
0.1234308892863644,0.5202443072461109,0.0052810595148891,Memory-intensive
0.006194444833896,0.5074595660117306,0.1276225329231269,Memory-intensive
0.1064774813051914,0.5125764300269358,0.0,Memory-intensive
0.086925624362883,0.5124673132897826,0.1098787418835079,Memory-intensive
0.1207506647170366,0.516608039713124,0.0,Memory-intensive
0.1476915108249584,0.5279850813882806,0.1258352154737716,Memory-intensive
0.0976033056511947,0.5116382904772877,0.0,Memory-intensive
0.13209048129032,0.5142070197344341,0.0,Memory-intensive
0.054989208603235,0.509276793344993,0.1406144919978735,Memory-intensive
0.1447745401349759,0.5163541639456195,0.0617112839563734,Memory-intensive
0.0633639215541672,0.5232770088215557,0.0,Memory-intensive
0.1331818057165118,0.5146717922084239,0.0,Memory-intensive
0.0717258931163529,0.5263313369244599,0.0833495252336919,Memory-intensive
0.1062123478317675,0.5185101403376393,0.0402635994365577,Memory-intensive
0.0902173961998005,0.5121189955262903,0.0706296668237262,Memory-intensive
0.0877863833261079,0.5069009287903771,0.0,Memory-intensive
0.1038692509634347,0.5272798349582701,0.0673961167130299,Memory-intensive
0.1244683596092793,0.5255850585353793,0.0,Memory-intensive
0.0358199184719195,0.5444402145391904,0.2360743898800289,Memory-intensive
0.0805070035623149,0.5158796341403253,0.0054115546895154,Memory-intensive
0.0839754816092694,0.5113793618192576,0.081663704056678,Memory-intensive
0.1699567867051942,0.5281913758921992,0.0,Memory-intensive
0.1734119324778162,0.5293938382605236,0.1618060432624431,Memory-intensive
0.1421336515383648,0.5282718189565272,0.0794836872032323,Memory-intensive
0.1008364364280823,0.5275733887370906,0.0902366653348279,Memory-intensive
0.0943438716806801,0.5055585600095012,0.1371078674039431,Memory-intensive
0.0235358761411098,0.5244963050568929,0.099442858194265,Memory-intensive
0.0465706782930775,0.5151092295021471,0.2570789696072501,Memory-intensive
0.0400017677992478,0.5235894789981622,0.1413067267257601,Memory-intensive
0.0560447502434169,0.5035616943895646,0.0,Memory-intensive
0.0628905477919347,0.5360213693992353,0.1534963199472028,Memory-intensive
0.0443994435974737,0.5247576503310649,0.1427104151365739,Memory-intensive
0.0827685559848794,0.5107544717897998,0.0486056629478544,Memory-intensive
0.0514325927991855,0.5315600604340645,0.0,Memory-intensive
0.088737406080018,0.5169566025081699,0.0,Memory-intensive
0.0554931348585705,0.5107548484091418,0.1975745600301331,Memory-intensive
0.1001869449942411,0.526683734927614,0.0372724605558296,Memory-intensive
0.0922666931267942,0.5292136485484585,0.0,Memory-intensive
0.0237069473384194,0.5261441599803014,0.1376581257034808,Memory-intensive
0.1422201898372421,0.5183794394887768,0.0,Memory-intensive
0.0069520676313108,0.537533733112312,0.0070222793684498,Memory-intensive
0.192682288401996,0.5138064706662239,0.1936490483160756,Memory-intensive
0.1058727458772132,0.5232611204077978,0.0661522666155775,Memory-intensive
0.0328091366348934,0.5062002335702764,0.12466769999515,Memory-intensive
0.0669155813201891,0.5233335236242437,0.0,Memory-intensive
0.0775635784291352,0.5206815302829663,0.0575980491552968,Memory-intensive
0.1766700762528876,0.5057266423623031,0.0733269844011247,Memory-intensive
0.0,0.5022672674744749,0.2502870368834328,Memory-intensive
0.1187745998818606,0.513926255335427,0.074181695836789,Memory-intensive
0.058578896684904,0.5214182007790131,0.0103263118632779,Memory-intensive
0.0173801760479323,0.5109910995770042,0.0092607042029634,Memory-intensive
0.0471582774805516,0.5231803883297844,0.3183242601994075,Memory-intensive
0.020956574128097,0.5145365057722129,0.0338806866330997,Memory-intensive
0.0375336759147929,0.5273917432380416,0.1428780095096506,Memory-intensive
0.0585591706380021,0.519626300254075,0.0,Memory-intensive
0.0574500443104659,0.5235539946834977,0.1654184756998382,Memory-intensive
0.0,0.5197135754970089,0.0690198819692666,Memory-intensive
0.1138051308327404,0.5072018338540076,0.0,Memory-intensive
0.0968911247739564,0.5195977509960183,0.0,Memory-intensive
0.0834558897746375,0.5178731896882696,0.0,Memory-intensive
0.0706844202738577,0.5107673740908334,0.0,Memory-intensive
0.1004823731001275,0.5009696057751237,0.0609566473062437,Memory-intensive
0.1312352432308327,0.505013562940201,0.0944919201361198,Memory-intensive
0.0577224693308348,0.5221680992520642,0.0334546041990065,Memory-intensive
0.137188373848286,0.5184859810902572,0.0,Memory-intensive
0.0657371083110346,0.5161799983581603,0.0,Memory-intensive
0.0394365625170567,0.5350054098672085,0.1869279430899889,Memory-intensive
0.0647795519405157,0.5319618160755956,0.0992135365837071,Memory-intensive
0.1272412910721331,0.5069151513593729,0.0,Memory-intensive
0.144219665810491,0.5162049248318625,0.0109724241827129,Memory-intensive
0.0848214915399595,0.5117355569974028,0.0,Memory-intensive
0.0146131140923698,0.5129601794039458,0.0696386513822673,Memory-intensive
0.0875170881602772,0.5207934049586928,0.2375009081108642,Memory-intensive
0.1072210496123083,0.5237952259779455,0.0,Memory-intensive
0.0403745269528995,0.5320148619778816,0.2361934203205981,Memory-intensive
0.0875431698047243,0.5192699812587164,0.0,Memory-intensive
0.1577507207691323,0.5240427349916882,0.0,Memory-intensive
0.172435462804435,0.5243850756367504,0.0,Memory-intensive
0.0374272001198516,0.5110089165145592,0.1571864174959464,Memory-intensive
0.1230258931798943,0.5198203372983864,0.0,Memory-intensive
0.1016114327551763,0.5274038483190965,0.017730361542486,Memory-intensive
0.139688864289204,0.5020948070744493,0.118838669300332,Memory-intensive
0.1653184644897531,0.5312551678087284,0.0348099035295509,Memory-intensive
0.1119832654051001,0.5164636054759435,0.0024157643723739,Memory-intensive
0.129167112117561,0.5104907249687534,0.1509859416735389,Memory-intensive
0.1200651679583099,0.5098620808434334,0.0654238426301546,Memory-intensive
0.0433708015275307,0.5159065905611866,0.0,Memory-intensive
0.1597028258488416,0.5230245355262104,0.0,Memory-intensive
0.0888302457632297,0.5119024979482433,0.0,Memory-intensive
0.0957253556373414,0.5269724236766121,0.0629630079496986,Memory-intensive
0.1190682051225011,0.496185955129617,0.0,Memory-intensive
0.1364158941941544,0.5172806989461816,0.0,Memory-intensive
0.0955338905828525,0.5186495956257742,0.0,Memory-intensive
0.0923088330278092,0.5324807002762597,0.0,Memory-intensive
0.1680117126150076,0.5219203269689436,0.0,Memory-intensive
0.1292634880680495,0.5160194228107929,0.1802488782402155,Memory-intensive
0.0444626592906469,0.5008248938068359,0.0,Memory-intensive
0.0588027999143472,0.5287002498118858,0.0,Memory-intensive
0.121315666249278,0.5046216398324616,0.1544475014418025,Memory-intensive
0.1075893746449622,0.532429276828464,0.0,Memory-intensive
0.1500853992930971,0.499872192099411,0.0,Memory-intensive
0.0755803210719328,0.5294145202649418,0.0536020239416412,Memory-intensive
0.0562318516532906,0.5247545234669233,0.1084838558147318,Memory-intensive
0.0142443763236062,0.5233691380884453,0.0063892978195646,Memory-intensive
0.1407698950674805,0.5139734568591694,0.0,Memory-intensive
0.0,0.5372629344861499,0.0,Memory-intensive
0.1283960156218805,0.5229762123247352,0.0,Memory-intensive
0.0303631214550126,0.5203518418932583,0.0,Memory-intensive
0.0644995975434919,0.5194380186126992,0.0931952790725447,Memory-intensive
0.1281036919606222,0.5205430358172963,0.0256962908605056,Memory-intensive
0.1254129253669283,0.520126187272515,0.1939187295290353,Memory-intensive
0.0,0.5040372663098858,0.0173225698793707,Memory-intensive
0.1606389793414536,0.5126677122465039,0.0,Memory-intensive
0.080448103787444,0.5080362300208909,0.0,Memory-intensive
0.0,0.5144238498514068,0.0033009326284027,Memory-intensive
0.0578863114570741,0.5011293260422821,0.0,Memory-intensive
0.0210838090914189,0.518050656856978,0.0,Memory-intensive
0.1009962198206571,0.5039375432654318,0.0292202334129315,Memory-intensive
0.0763765614284657,0.5357531942799159,0.0,Memory-intensive
0.1435368473450226,0.5263939407354569,0.0,Memory-intensive
0.1346049909034499,0.5244945682574098,0.2261665371050356,Memory-intensive
0.1582038122130828,0.5284204264762045,0.0,Memory-intensive
0.1680745841534495,0.5326232880378021,0.1045784087153862,Memory-intensive
0.0,0.5085548449689934,0.0,Memory-intensive
0.1454564389981228,0.5243834044765764,0.0,Memory-intensive
0.0662584664946546,0.4993362874539913,0.0781162228457661,Memory-intensive
0.0721277019934912,0.5191679539420151,0.0,Memory-intensive
0.1654954731338059,0.51013038264997,0.0798390453275524,Memory-intensive
0.1601365261284035,0.5400918707397145,0.0,Memory-intensive
0.0859114118586922,0.5270028837695072,0.0,Memory-intensive
0.0724299950182769,0.5248128039874034,0.0,Memory-intensive
0.1083194089561342,0.5193947576493821,0.2294797773136438,Memory-intensive
0.0952769562791885,0.5091502635854762,0.0611349166470142,Memory-intensive
0.0719812531656233,0.5134791559121623,0.1641847999063957,Memory-intensive
0.086881128076313,0.5221288714745028,0.0,Memory-intensive
0.0955244986139764,0.5280003152239338,0.0,Memory-intensive
0.0627574839598434,0.5065762888362457,0.238731765538509,Memory-intensive
0.0976825440477138,0.5302649260674717,0.0,Memory-intensive
0.12952901495001,0.519634275729192,0.0722444606575015,Memory-intensive
0.0171846976383736,0.5304335911486369,0.0951423030897852,Memory-intensive
0.1123327633571556,0.5137822195508558,0.0830870967558757,Memory-intensive
0.0788345442003544,0.5166218172782157,0.1716251307777662,Memory-intensive
0.0306879535636404,0.5212390001361684,0.0,Memory-intensive
0.2393399724648985,0.5143593011253677,0.0,Memory-intensive
0.0773898797520479,0.5070678954617367,0.0,Memory-intensive
0.0735020413334464,0.5190246680821202,0.0,Memory-intensive
0.0532610543053538,0.5217398193827694,0.0,Memory-intensive
0.0749251997556657,0.5248207390473932,0.0,Memory-intensive
0.0759610964886056,0.5109021091517741,0.4207335325216431,Memory-intensive
0.0,0.5276017247560002,0.0,Memory-intensive
0.0587612372466586,0.5187826090112136,0.0523000943876596,Memory-intensive
0.1090746378489497,0.5220270051483037,0.0,Memory-intensive
0.2229557133447963,0.5164480739745342,0.0555468061438104,Memory-intensive
0.0286873121107024,0.5210579063009297,0.0593572323908757,Memory-intensive
0.0949855163037895,0.5250944015835738,0.0,Memory-intensive
0.0,0.5016019708541245,0.0881622388681884,Memory-intensive
0.011591074262416,0.517440897989082,0.0,Memory-intensive
0.1047102687152601,0.5169131267813093,0.0,Memory-intensive
0.0647398096235452,0.5242606232351817,0.0,Memory-intensive
0.1544605069213727,0.5155414216654806,0.2105018171839634,Memory-intensive
0.1334938724984011,0.5088258253249175,0.1275148885352184,Memory-intensive
0.1514815460960456,0.4973278658230671,0.0160339837558864,Memory-intensive
0.037745981216476,0.5175432531454685,0.1867597356037139,Memory-intensive
0.0825809010937089,0.506481023976605,0.0,Memory-intensive
0.0772496685764512,0.5176488571265315,0.1195168432918257,Memory-intensive
0.0483045255687128,0.5289822658732705,0.0,Memory-intensive
0.0825335745516847,0.5219092882796537,0.0,Memory-intensive
0.1272429465239132,0.5325695261464267,0.0344309869762826,Memory-intensive
0.0892905054586056,0.5286530415788641,0.0408235510907482,Memory-intensive
0.1110650772886832,0.5255155452362846,0.0194183052849742,Memory-intensive
0.0216533830185262,0.5112892024261462,0.0470180691242122,Memory-intensive
0.0976208330039589,0.5370233455496876,0.0,Memory-intensive
0.1800659896397953,0.516012522163438,0.047881682733309,Memory-intensive
0.0080996048329289,0.5093573522041975,0.0,Memory-intensive
0.0403309415979546,0.5257583803727482,0.0185682350182815,Memory-intensive
0.1730163256593763,0.522172999871387,0.0,Memory-intensive
0.0781480050409435,0.512715044667579,0.0749088788586103,Memory-intensive
0.1084161459658895,0.523443672221194,0.0460326919592131,Memory-intensive
0.1179361661925478,0.5229395637180869,0.0,Memory-intensive
0.1087493906877905,0.5006404005365936,0.0,Memory-intensive
0.0275551574608964,0.5026466884242949,0.0,Memory-intensive
0.0601063714285238,0.4995291887467026,0.0,Memory-intensive
0.2311654640687734,0.5196311806487883,0.2404817363594707,Memory-intensive
0.2183348521721744,0.5187327305031137,0.0,Memory-intensive
0.0792416017615368,0.5200492935730943,0.0,Memory-intensive
0.2298552099346306,0.5236245395995112,0.1374258920406501,Memory-intensive
0.1671877404354116,0.5049989885165151,0.0,Memory-intensive
0.2079240610559857,0.5059634838754692,0.0,Memory-intensive
0.178230318610672,0.525390404025616,0.0,Memory-intensive
0.148123011258469,0.5165020906170773,0.0331374120412532,Memory-intensive
0.1261679605174001,0.5307894470639697,0.0,Memory-intensive
0.1709828854428897,0.5220970473710662,0.0,Memory-intensive
0.0626392326347322,0.5258809893527927,0.0,Memory-intensive
0.124557884619823,0.5182560517587017,0.0,Memory-intensive
0.035511589998063,0.5191449150687009,0.1653957254046298,Memory-intensive
0.0110649862789915,0.5149247404159386,0.1033860192895651,Memory-intensive
0.0483953784126291,0.4974936892686906,0.2426320090292038,Memory-intensive
0.0145244993310608,0.5238443894662593,0.1265496160752388,Memory-intensive
0.1294806324681789,0.4993276994113941,0.0,Memory-intensive
0.0359309768459698,0.5228500455100422,0.0,Memory-intensive
0.0212630442924897,0.5003928108659942,0.0,Memory-intensive
0.0529817330503535,0.5168145385341811,0.2166291034986769,Memory-intensive
0.059171464852565,0.5168191617085764,0.0,Memory-intensive
0.1420199274590646,0.5016530190336015,0.0,Memory-intensive
0.0728103420073319,0.5287488102421355,0.005371719120558,Memory-intensive
0.019242035513035,0.5241416841606457,0.1030524004395488,Memory-intensive
0.0529910507932233,0.5311516650275316,0.2074357163998698,Memory-intensive
0.0678114255208801,0.5139997907039128,0.0,Memory-intensive
0.1039577176417908,0.5105761426358942,0.0,Memory-intensive
0.1518231960715413,0.5217493024085886,0.0,Memory-intensive
0.0719433433421231,0.5055914817072236,0.0,Memory-intensive
0.0646360998804853,0.5205873446942302,0.0725660543967321,Memory-intensive
0.1857072001448551,0.5169762779411659,0.0729619485615705,Memory-intensive
0.046784273213896,0.5283737684691703,0.088216505933745,Memory-intensive
0.0783763019136045,0.5262944131376448,0.136539651271881,Memory-intensive
0.1318227812769377,0.5178349981033463,0.0,Memory-intensive
0.0626504888082915,0.541779278408435,0.0,Memory-intensive
0.0,0.5291267916528539,0.2132398347952151,Memory-intensive
0.0991966334326724,0.5283041404323594,0.0019415434071933,Memory-intensive
0.0242214642602136,0.5216434532986702,0.0282104188528858,Memory-intensive
0.0007916614246815,0.5185880656186954,0.1488755654718758,Memory-intensive
0.077517834187082,0.5225586165958097,0.0,Memory-intensive
0.0479461946579342,0.5324758148157974,0.0,Memory-intensive
0.0787610116374532,0.5200784244759177,0.0,Memory-intensive
0.0508749254640082,0.5270621130703383,0.0774825619651958,Memory-intensive
0.0,0.5258869247003838,0.0,Memory-intensive
0.0971983345424489,0.5097266523782779,0.1589529460035699,Memory-intensive
0.1446202356291831,0.5085828957500107,0.0696897179930469,Memory-intensive
0.0540772393426726,0.5180629170514431,0.0824992169776858,Memory-intensive
0.2205702365471483,0.5115540588896633,0.1941512586713165,Memory-intensive
0.0792445733485925,0.5195490225155696,0.2196228882253351,Memory-intensive
0.1448136158292909,0.5383875976198899,0.0592425337615374,Memory-intensive
0.0518249863130365,0.506106132762206,0.2305906107123485,Memory-intensive
0.0311469317291359,0.5275547848747426,0.1269013471069636,Memory-intensive
0.0114230715790745,0.5421051542758406,0.0,Memory-intensive
0.1033068396392884,0.5274553687628752,0.0044714075457743,Memory-intensive
0.0259312720109279,0.5337950409511798,0.0,Memory-intensive
0.0491296841313563,0.5445714034037595,0.0573977689805598,Memory-intensive
0.1248507920057402,0.5254401908123602,0.0,Memory-intensive
0.1759345031510442,0.520456043895925,0.1049454163776383,Memory-intensive
0.0968958659344076,0.5191080846582166,0.0499063055241132,Memory-intensive
0.0662868645321235,0.5226183136077683,0.0,Memory-intensive
0.0654708375347339,0.5061739234221446,0.1905191408707445,Memory-intensive
0.0852251960529094,0.5229313002959985,0.0,Memory-intensive
0.0446877938671556,0.4956043201093387,0.0,Memory-intensive
0.1141118918576095,0.5108251742408301,0.1833143695196002,Memory-intensive
0.0044343904189465,0.5235028944742269,0.0,Memory-intensive
0.0353921682195468,0.5200269888254011,0.0457093570467132,Memory-intensive
0.1425581076380649,0.5242549201743085,0.0,Memory-intensive
0.0470486044461924,0.5046797908720971,0.0510961327098528,Memory-intensive
0.0690868620286861,0.5075578132833988,0.0378857511898499,Memory-intensive
0.0555987251145194,0.523534144529466,0.0,Memory-intensive
0.0,0.5077711163788796,0.0113674163790965,Memory-intensive
0.1285485865825077,0.521613161500333,0.2306097954144869,Memory-intensive
0.0,0.5362418144872769,0.0076630623684475,Memory-intensive
0.1629928344657846,0.5208416076016015,0.1035562833182108,Memory-intensive
0.1251263954562119,0.5223369004279421,0.1205506984287225,Memory-intensive
0.0,0.5162682663962893,0.0,Memory-intensive
0.0533075867816253,0.5269047275579175,0.0713203965125113,Memory-intensive
0.0359070068664475,0.5221199910359896,0.1112572232870341,Memory-intensive
0.1958815391491618,0.506481859660712,0.045949501395877,Memory-intensive
0.0780232751245622,0.5156851341941038,0.0,Memory-intensive
0.250870045104224,0.5329470784040363,0.1416268270723365,Memory-intensive
0.0757449923076082,0.5209661454653214,0.0,Memory-intensive
0.144352881998863,0.5069969523563252,0.1594405033663817,Memory-intensive
0.0,0.5151396141651216,0.0145413568703638,Memory-intensive
0.0835786137122155,0.5121709986315327,0.0338357678914222,Memory-intensive
0.0688992745814273,0.5183055124052636,0.1337573225497773,Memory-intensive
0.1523259864914759,0.5008127393228706,0.0,Memory-intensive
0.0448562441567947,0.515830299540541,0.0635109872183754,Memory-intensive
0.0479637698798153,0.520500954219869,0.0,Memory-intensive
0.1218199318354843,0.5221144602305042,0.0,Memory-intensive
0.0309835589196429,0.5175127138979078,0.180949443583046,Memory-intensive
0.0747435502718717,0.5054457328158766,0.0167169720840608,Memory-intensive
0.0776134710634501,0.4985722664311325,0.0878379116875346,Memory-intensive
0.1983015516459897,0.5333006819614856,0.0960202217261124,Memory-intensive
0.0,0.5326008173587238,0.0,Memory-intensive
0.1850493118725566,0.5162068233578645,0.063998389504856,Memory-intensive
0.0430279667773657,0.5105702280657662,0.0,Memory-intensive
0.0841481971621752,0.5210507853191068,0.1377709252342996,Memory-intensive
0.0,0.5166038164514025,0.0,Memory-intensive
0.1199988590408354,0.5249849525265285,0.0352997539282877,Memory-intensive
0.0,0.5227530355134938,0.1595837923998584,Memory-intensive
0.2320551819765023,0.5231650395897192,0.0,Memory-intensive
0.0,0.5164841867330512,0.0,Memory-intensive
0.0778881598427663,0.5231394926331773,0.0944650224276692,Memory-intensive
0.0682831626713897,0.5182465396237335,0.0,Memory-intensive
0.0871485056698898,0.4957165330507961,0.1536374216023032,Memory-intensive
0.1328157143838386,0.5102357657931229,0.0489106831324133,Memory-intensive
0.1182607585091557,0.533811592584926,0.0,Memory-intensive
0.0424965480451479,0.5165651257002069,0.0,Memory-intensive
0.0803469460432737,0.5028081325104672,0.0,Memory-intensive
0.014824004836001,0.5296686507348216,0.0,Memory-intensive
0.0,0.4990926033860502,0.0776612555880518,Memory-intensive
0.0890956994488982,0.5290374947793615,0.0,Memory-intensive
0.0473449417515272,0.5166174224270971,0.1152481527599287,Memory-intensive
0.1384969822454405,0.5267911659584218,0.0,Memory-intensive
0.0698021274602349,0.502804916841141,0.3525176418326,Memory-intensive
0.0432809674241659,0.5184603328798283,0.0,Memory-intensive
0.0099588726382124,0.5250151625011757,0.0,Memory-intensive
0.1487363719599642,0.5289602005266287,0.0792214190110198,Memory-intensive
0.0823703137737281,0.502845471903186,0.0915268409988339,Memory-intensive
0.1636238326109489,0.517765083345221,0.0,Memory-intensive
0.081414206524451,0.525673706143781,0.0540762860357531,Memory-intensive
0.0,0.5100494623106946,0.1307642657946512,Memory-intensive
0.1503539234982223,0.5143950684297295,0.1633439854783606,Memory-intensive
0.0083910434248244,0.4933352763547639,0.0,Memory-intensive
0.0512589426149954,0.5143841066482154,0.0,Memory-intensive
0.1449446940335985,0.5370188478507281,0.0837453782162265,Memory-intensive
0.0539990164295986,0.5270462911751697,0.0823324257682992,Memory-intensive
0.1427216809333969,0.5121771006026712,0.0480339156795694,Memory-intensive
0.0206583509316383,0.5373542995370605,0.0,Memory-intensive
0.059915155374888,0.5079070929290784,0.0097644826574794,Memory-intensive
0.1055011385150128,0.5256771614762366,0.0,Memory-intensive
0.0124659020969535,0.5018940151337367,0.0,Memory-intensive
0.0,0.5112371069332109,0.0713760031372542,Memory-intensive
0.1548803642239317,0.5136475391654375,0.17542022360222,Memory-intensive
0.0751656188922779,0.5241733630140791,0.1568486927453175,Memory-intensive
0.0532595955382034,0.5243913104836226,0.1033910156174584,Memory-intensive
0.1335804570954489,0.5217928873051079,0.0912045185469995,Memory-intensive
0.007397232233324,0.5190193517548912,0.0874379616827189,Memory-intensive
0.0891096098375256,0.5024617722679786,0.0,Memory-intensive
0.0847772720844089,0.5174739694529579,0.1806541478727513,Memory-intensive
0.1967579756245528,0.5256915541392275,0.0,Memory-intensive
0.0446269606893233,0.5167306489023454,0.1965953818626538,Memory-intensive
0.0,0.516255710048518,0.0,Memory-intensive
0.0752151611561713,0.5162129802559557,0.0,Memory-intensive
0.0237534678858728,0.5121825381592728,0.1700456052724663,Memory-intensive
0.0,0.5212273783653596,0.2199389828737905,Memory-intensive
0.0736709223503514,0.5296574762206776,0.0,Memory-intensive
0.0221239875014762,0.5241782611030236,0.1130444564529113,Memory-intensive
0.0,0.5002185040241449,0.224456559981621,Memory-intensive
0.1756499555578425,0.5281487795532958,0.0,Memory-intensive
0.094783060827889,0.5252097371792389,0.0258256414653739,Memory-intensive
0.063820089571864,0.5311309085641475,0.0055037812948743,Memory-intensive
0.1401618246994234,0.5085862061931773,0.1962010052596408,Memory-intensive
0.0486126727547995,0.5281699393564901,0.0481931766768014,Memory-intensive
0.0788256755622418,0.5246250012967624,0.0465948178932821,Memory-intensive
0.0923736847104144,0.5080159199037229,0.0,Memory-intensive
0.1735693116824211,0.5094519605010147,0.0,Memory-intensive
0.0373938928328894,0.5249400221381693,0.0122737548694374,Memory-intensive
0.0945018566819625,0.5208272615877548,0.0430761054349695,Memory-intensive
0.0350665499391286,0.5334667715370609,0.0,Memory-intensive
0.0935937622908112,0.5196146570573985,0.0,Memory-intensive
0.1434362121095346,0.5181191916086783,0.0,Memory-intensive
0.0,0.5348933511801404,0.1372943524228529,Memory-intensive
0.0749772145154625,0.5139156119714495,0.0361502286993199,Memory-intensive
0.0685050134597034,0.5113750967853229,0.1089812896027427,Memory-intensive
0.0,0.5116077950129324,0.0,Memory-intensive
0.0174497935357165,0.5191397320211835,0.0,Memory-intensive
0.1122992067976541,0.5229215969968027,0.1728483667103994,Memory-intensive
0.0789669590477781,0.5153142376238726,0.1971490794753866,Memory-intensive
0.0449294560284085,0.5054955915811695,0.0,Memory-intensive
0.0924069960419468,0.514714832154506,0.1272095146084381,Memory-intensive
0.1977751715418282,0.533501560150848,0.1357877263543452,Memory-intensive
0.0,0.5092606896269674,0.0,Memory-intensive
0.1478279008793582,0.5109124932485708,0.0,Memory-intensive
0.0786318717958174,0.5157338880457096,0.1058005857509107,Memory-intensive
0.1382459960307735,0.5128397340051203,0.1185997105860121,Memory-intensive
0.0629662672617409,0.507151748309056,0.1906302362021013,Memory-intensive
0.1386457260545943,0.5131545178655061,0.2982529041279795,Memory-intensive
0.0894660043148064,0.5198364495464166,0.0,Memory-intensive
0.0,0.5237045740602218,0.0,Memory-intensive
0.1499630865382066,0.5285749369325569,0.0,Memory-intensive
0.1167310176782725,0.5175227036526528,0.2173508246919663,Memory-intensive
0.1117459286366732,0.5252505409980486,0.0837097989830533,Memory-intensive
0.0910659515396683,0.5280215195202661,0.1112766715913638,Memory-intensive
0.1495694236685787,0.5216852444132736,0.0981486736985088,Memory-intensive
0.1750952263282629,0.5071920536487239,0.0564567196114238,Memory-intensive
0.0746618499411849,0.5093905769520728,0.0,Memory-intensive
0.148940889347656,0.515731311801141,0.081088375947661,Memory-intensive
0.1747443481390095,0.5188009136174175,0.1969527256399345,Memory-intensive
0.0850998531712093,0.5183934010981259,0.0,Memory-intensive
0.2374801620376656,0.5057831066427287,0.0,Memory-intensive
0.0578602316829319,0.5012483585548354,0.0,Memory-intensive
0.1473409127650223,0.5116807189808464,0.0,Memory-intensive
0.1953449449198342,0.5204502165153542,0.1252840758405801,Memory-intensive
0.1623187694368145,0.523605904124209,0.2081912151772015,Memory-intensive
0.0830732747228601,0.5187497874657682,0.0,Memory-intensive
0.2182919197987034,0.5088965886377551,0.0534948223113321,Memory-intensive
0.0735077432648909,0.5292388873878768,0.2170886399331809,Memory-intensive
0.1256094085331975,0.5230084916454539,0.0,Memory-intensive
0.1744214317196625,0.5191533270060772,0.0,Memory-intensive
0.1763400804027943,0.5130973251244646,0.0,Memory-intensive
0.1033903092811592,0.5155692719958733,0.0,Memory-intensive
0.1159075195998657,0.5193595803276756,0.0,Memory-intensive
0.0433673517878361,0.5038712209363295,0.0,Memory-intensive
0.051228374565213,0.5168972005687666,0.0,Memory-intensive
0.0931064554980534,0.5187383365289131,0.0,Memory-intensive
0.0042525869109404,0.5163339646861663,0.0,Memory-intensive
0.1322037523161245,0.5186219770456744,0.0,Memory-intensive
0.0220098577566722,0.5299035757589875,0.0,Memory-intensive
0.0997878351005974,0.5136487730349185,0.0838392513440419,Memory-intensive
0.0021299471190403,0.5203262285910246,0.0,Memory-intensive
0.0247256647411475,0.5114687669608529,0.0,Memory-intensive
0.0831828334460223,0.5163727197028947,0.012113994101732,Memory-intensive
0.0623906175455886,0.5306104210280858,0.0,Memory-intensive
0.0,0.530178032184645,0.0815128966195576,Memory-intensive
0.1362599998328125,0.5176996617102508,0.0075110937786281,Memory-intensive
0.1073351044516338,0.5155943374563517,0.2038365343405925,Memory-intensive
0.0169101929797444,0.5198554409696075,0.0,Memory-intensive
0.0778803269850892,0.5105862560219797,0.0126520118759424,Memory-intensive
0.0661047757256553,0.5292633620114884,0.0,Memory-intensive
0.0817366359951671,0.5398188767800061,0.0,Memory-intensive
0.1960116250762108,0.5069243531191371,0.0,Memory-intensive
0.0605492773621016,0.5005926029156044,0.0,Memory-intensive
0.1269700987698837,0.5219469852551668,0.0820155883583879,Memory-intensive
0.0,0.5000778575401893,0.0,Memory-intensive
0.0766197699709236,0.5141890740035887,0.0,Memory-intensive
0.1348832883757997,0.5120683287687701,0.0,Memory-intensive
0.2158196793191559,0.5347231394541693,0.0886953618381288,Memory-intensive
0.1835288160781257,0.5115724832902547,0.0037304432520076,Memory-intensive
0.1348928410204073,0.5262763000994893,0.0,Memory-intensive
0.1287308470259352,0.5200984494353375,0.0622588520356857,Memory-intensive
0.1499589436496292,0.5202603789468508,0.0282717160079762,Memory-intensive
0.110258489307482,0.5098749528554528,0.0,Memory-intensive
0.0822985291818113,0.516423412479806,0.0319616809701954,Memory-intensive
0.0,0.4976137520653498,0.0,Memory-intensive
0.174738628306432,0.5398912434405347,0.0521369493857104,Memory-intensive
0.040163729556782,0.5110614792716717,0.0,Memory-intensive
0.0882612024140612,0.5164310987412647,0.0382899661855568,Memory-intensive
0.158104848238804,0.5083801458666936,0.1036969717987977,Memory-intensive
0.0518227989905299,0.5345635247799545,0.021883010449407,Memory-intensive
0.1702294444284049,0.5084562553290173,0.0401286577060255,Memory-intensive
0.0584519486700936,0.515934347637759,0.17944646037029,Memory-intensive
0.0974419875308704,0.5144160058021021,0.0706497173949932,Memory-intensive
0.0871984936821102,0.5275593947105883,0.1044398314111,Memory-intensive
0.0997581883055301,0.5247027202667125,0.0,Memory-intensive
0.0879649049933567,0.5113321885832718,0.0,Memory-intensive
0.1517343706715728,0.5274078817377541,0.0,Memory-intensive
0.1166707671032223,0.5378193255712839,0.0,Memory-intensive
0.1568645883953047,0.5069476941691671,0.0,Memory-intensive
0.0,0.5185632162061794,0.0,Memory-intensive
0.1565675032189102,0.5198840727625905,0.0960085170778765,Memory-intensive
0.1574974120379428,0.5401649951214517,0.0834338823109492,Memory-intensive
0.1392428369340044,0.5219136937545814,0.0,Memory-intensive
0.0347212779615471,0.542827790405357,0.2775182747200427,Memory-intensive
0.0975500875563877,0.5096987981907738,0.0,Memory-intensive
0.0544754147297437,0.5219387117072904,0.0,Memory-intensive
0.1501448557738526,0.5379483841899407,0.1705207829946652,Memory-intensive
0.0,0.5050439209305485,0.249258349090781,Memory-intensive
0.0857462786518795,0.5228592636826097,0.0356153469630944,Memory-intensive
0.1257718421965153,0.5236774380762933,0.3525349471467277,Memory-intensive
0.0223560819244335,0.5212734745260884,0.0,Memory-intensive
0.0953419461062655,0.5282595689909053,0.0458974628999973,Memory-intensive
0.0159380336511724,0.5199412937187085,0.0,Memory-intensive
0.1102399374685931,0.5227108860740353,0.2013105305609681,Memory-intensive
0.1140976051787211,0.5228658649406086,0.0602849313846696,Memory-intensive
0.0,0.50706038646364,0.0,Memory-intensive
0.0430462631785303,0.51537148395178,0.122644837850222,Memory-intensive
0.2176708446055426,0.512663644696331,0.1201144610090519,Memory-intensive
0.0844944202637208,0.5173899538585962,0.0,Memory-intensive
0.001008978698493,0.5077166772016578,0.1964447046923978,Memory-intensive
0.0798619398976644,0.5020357720738727,0.0494560115985209,Memory-intensive
0.1153198371219646,0.5101722918272664,0.0,Memory-intensive
0.0584432079754362,0.5194846816532699,0.0391593934295794,Memory-intensive
0.193132977077449,0.5245644502476714,0.0030727122207522,Memory-intensive
0.0930250311696975,0.5241855203915585,0.0290153323156113,Memory-intensive
0.0697159155772956,0.5197951482911287,0.0,Memory-intensive
0.0054078309157153,0.5389472125930731,0.0,Memory-intensive
0.0991859092462305,0.5219813299367521,0.0,Memory-intensive
0.038161219623966,0.5172850186615082,0.2529886744677722,Memory-intensive
0.0657840937193044,0.5283900006927693,0.0,Memory-intensive
0.0915090805514622,0.5357267596105919,0.246083039288921,Memory-intensive
0.1145752832593532,0.5364519701428468,0.0,Memory-intensive
0.1254215627344407,0.5167857037650906,0.0,Memory-intensive
0.1321048249326503,0.5101890081324736,0.0465550556931533,Memory-intensive
0.0566141287375445,0.5169431126504612,0.0,Memory-intensive
0.0,0.5025775432727249,0.0,Memory-intensive
0.1183248588404648,0.5192345342779531,0.0,Memory-intensive
0.0,0.5158996970022897,0.0,Memory-intensive
0.0,0.5046312611595986,0.0279438595746995,Memory-intensive
0.079859697735184,0.5221131664944517,0.0,Memory-intensive
0.0,0.519498970597046,0.0,Memory-intensive
0.1297746651890367,0.5070491179495967,0.0969033707821231,Memory-intensive
0.0568811004578002,0.5070007531986792,0.0,Memory-intensive
0.0,0.5297712781222877,0.0086684099528201,Memory-intensive
0.1981588392480991,0.5181035392241836,0.1278269181616566,Memory-intensive
0.0114288784336293,0.4957533985548967,0.0,Memory-intensive
0.0566870455876043,0.5272585437922443,0.0,Memory-intensive
0.1273742290269683,0.5280096163714937,0.0863064102360928,Memory-intensive
0.0515206141253907,0.5201451450316767,0.0,Memory-intensive
0.0268007548449215,0.5362905591031452,0.0,Memory-intensive
0.0820715108932075,0.5207169506976733,0.1819427253424807,Memory-intensive
0.1943779927294888,0.4968348205874713,0.0,Memory-intensive
0.0648249533656913,0.5065449935869494,0.0,Memory-intensive
0.1453906966157889,0.5067755238823173,0.0276783576835704,Memory-intensive
0.1224793209877483,0.5319924147581706,0.1248752279682655,Memory-intensive
0.0174002210862439,0.5319443122329565,0.0166514068960734,Memory-intensive
0.087616013207765,0.5065554374338532,0.1371342355546929,Memory-intensive
0.0,0.5191095701397495,0.0791858044577201,Memory-intensive
0.0253719523044225,0.522049158892764,0.0,Memory-intensive
0.0625969017308705,0.5178625487340172,0.0,Memory-intensive
0.0,0.5064030614362717,0.0848423443287851,Memory-intensive
0.0780145043933744,0.5084353183326334,0.0799511133613646,Memory-intensive
0.1194647168230103,0.5055529503803166,0.0758881903187805,Memory-intensive
0.1045180118911641,0.5096675600133233,0.0,Memory-intensive
0.0437465258150599,0.5078382229619025,0.1702503438327984,Memory-intensive
0.1212073482916062,0.5344690108983318,0.0,Memory-intensive
0.0340472751246441,0.5204767787512152,0.0,Memory-intensive
0.1175585667464507,0.5270160293250237,0.0,Memory-intensive
0.0798218237150648,0.5379434688960467,0.0747598550986541,Memory-intensive
0.0653158461431953,0.5125127276927535,0.1504996826048435,Memory-intensive
0.0146331687101035,0.5163759551301126,0.1558906236496704,Memory-intensive
0.1135478604134403,0.5130359610536367,0.0,Memory-intensive
0.0567821034141851,0.5086188994154052,0.0,Memory-intensive
0.070636253679515,0.5140172726893938,0.1243873488487864,Memory-intensive
0.0997548284306216,0.5176316994936092,0.0,Memory-intensive
0.1137402040153518,0.5171483481327863,0.0,Memory-intensive
0.0655022656061503,0.506737587409402,0.1197658344340243,Memory-intensive
0.0590481905416964,0.523000643021269,0.0,Memory-intensive
0.05717747108871,0.5056505582464275,0.0,Memory-intensive
0.0348221559813875,0.513486330850104,0.0516495876440591,Memory-intensive
0.000682078887611,0.4990119919527113,0.0,Memory-intensive
0.1331067490282203,0.5258520039771526,0.0147585339167711,Memory-intensive
0.0981204787125037,0.507933671307682,0.0,Memory-intensive
0.0177816873629137,0.5333107721562413,0.1136041330093299,Memory-intensive
0.0923463645625443,0.5143829318688865,0.0,Memory-intensive
0.0715134542508292,0.5307301334922251,0.0,Memory-intensive
0.0119124584551038,0.51433524236551,0.0640609438156242,Memory-intensive
0.1114305669155584,0.5185354060936287,0.0,Memory-intensive
0.1239277138085847,0.5293964889375761,0.098374494372168,Memory-intensive
0.1775679451817815,0.5120981554812386,0.1434973414735059,Memory-intensive
0.0552028725512758,0.5089507879140189,0.0,Memory-intensive
0.0685979825934146,0.5059420523678744,0.0687938549847744,Memory-intensive
0.0400485833810412,0.5071240436538547,0.0857185655333732,Memory-intensive
0.1329413834783458,0.5221826513346519,0.1282922984071429,Memory-intensive
0.182954152518829,0.5072489338365963,0.1550410241472243,Memory-intensive
0.0330425313261975,0.5145859741253695,0.0,Memory-intensive
0.0747615184248092,0.522598654339655,0.0,Memory-intensive
0.2111671250822162,0.5128336429424304,0.0,Memory-intensive
0.1437528273847852,0.5113666574415873,0.000383475196262,Memory-intensive
0.1535550271978297,0.5121247945570968,0.0294676328338742,Memory-intensive
0.1152402730856217,0.5270773698679305,0.0,Memory-intensive
0.0,0.5426345558986131,0.291101915535977,Memory-intensive
0.1415601085620577,0.5157595221943655,0.0,Memory-intensive
0.0807867764702335,0.5067536750298869,0.128178025600457,Memory-intensive
0.0,0.5181939125345273,0.0,Memory-intensive
0.1499565682795222,0.514815546580424,0.0,Memory-intensive
0.0,0.5115774490228138,0.0,Memory-intensive
0.0834805408053952,0.531521262683793,0.1528309792833432,Memory-intensive
0.024401105334536,0.5133845428679481,0.0,Memory-intensive
0.0922228463523421,0.5151266760290675,0.0,Memory-intensive
0.1800967295894999,0.5273791233510038,0.0539816482713382,Memory-intensive
0.100307597959263,0.5285006844007791,0.0082244990895851,Memory-intensive
0.1541440441845877,0.5223720975627345,0.0,Memory-intensive
0.1578221068682155,0.5159404290087114,0.0312616093270404,Memory-intensive
0.1132563669939009,0.5238503354509181,0.2069684218914482,Memory-intensive
0.0340207652359143,0.5020643837891243,0.2671753780185514,Memory-intensive
0.0773292360526841,0.5421420620595726,0.0,Memory-intensive
0.0932818338082729,0.5120578066164083,0.0,Memory-intensive
0.0,0.519592146955271,0.0,Memory-intensive
0.1147347184266874,0.5346546143595601,0.0,Memory-intensive
0.0737622882401381,0.5210234431246611,0.0,Memory-intensive
0.0198577438710715,0.5404597966789747,0.175534483222952,Memory-intensive
0.1589500310159848,0.5026294006820871,0.0,Memory-intensive
0.1478689971802382,0.524375315727992,0.0749041067320266,Memory-intensive
0.0663477244897032,0.5083964187033646,0.0,Memory-intensive
0.0,0.5181003492547106,0.1470730485388566,Memory-intensive
0.0619592774136533,0.5252176107908983,0.0,Memory-intensive
0.0246611049418727,0.5169525747587297,0.0,Memory-intensive
0.015710942755378,0.52174058379706,0.0703194230238609,Memory-intensive
0.1435335322495796,0.5118111632467139,0.0,Memory-intensive
0.0,0.530410619200015,0.0,Memory-intensive
0.1453930556191129,0.5234485166477333,0.1099056459374251,Memory-intensive
0.1913648658624481,0.5100819863009673,0.0,Memory-intensive
0.1607304040840261,0.5187566732773838,0.1041068252498759,Memory-intensive
0.0049268866520383,0.5321308161670578,0.0,Memory-intensive
0.1426200926608986,0.5229241364469597,0.1772750346136183,Memory-intensive
0.1456986946764592,0.5318743813137968,0.0210661177150444,Memory-intensive
0.0105544723382078,0.4994699104972379,0.0,Memory-intensive
0.0766916812888474,0.5034024602120125,0.0,Memory-intensive
0.1052966075845028,0.5005637610714682,0.0546674963397691,Memory-intensive
0.049841604601069,0.5278917098921361,0.0,Memory-intensive
0.0472207768304247,0.5121431905229203,0.0917073217370675,Memory-intensive
0.0557687458572552,0.5144536501646714,0.0919260110696913,Memory-intensive
0.0162489652506173,0.5242328098033116,0.0,Memory-intensive
0.0712426444190087,0.5034812707444658,0.0462982501963175,Memory-intensive
