cpu_load,memory_load,disk_load
0.03,0.512,0.0
0.068,0.519,0.0008192000000000001
0.129,0.512,1.12050176
0.027000000000000003,0.51,0.00110592
0.07200000000000001,0.53,0.00012288000000000002
0.17600000000000002,0.514,0.00032768
0.03,0.508,0.0
0.057999999999999996,0.52,0.00065536
0.19899999999999998,0.514,0.0
0.031,0.511,0.0
0.07400000000000001,0.528,0.0
0.198,0.507,0.0
0.03,0.507,0.0
0.053,0.525,0.0004915200000000001
0.091,0.518,0.0
0.027999999999999997,0.515,0.00135168
0.13699999999999998,0.513,0.00016384
0.16899999999999998,0.513,0.00188416
0.027999999999999997,0.51,0.00012288000000000002
0.12,0.514,0.00012288000000000002
0.113,0.516,0.00053248
0.033,0.51,0.0
0.057,0.5329999999999999,0.0
0.14,0.517,0.0
0.04,0.51,0.0
0.073,0.531,0.0
0.129,0.521,0.0024576
0.027999999999999997,0.513,0.0
0.07,0.504,0.0
0.09699999999999999,0.517,0.0
0.027999999999999997,0.511,0.0
0.131,0.584,0.43659264
0.081,0.514,0.0
0.027999999999999997,0.511,0.0
0.052000000000000005,0.52,0.0012288
0.183,0.517,0.00065536
0.025,0.512,0.00077824
0.07,0.535,0.0
0.091,0.516,0.0
0.028999999999999998,0.513,0.00094208
0.099,0.527,0.0
0.21899999999999997,0.514,0.0
0.03,0.509,0.0
0.052000000000000005,0.529,0.00012288000000000002
0.08900000000000001,0.515,0.0
0.026000000000000002,0.512,0.0
0.059000000000000004,0.53,0.0
0.14300000000000002,0.509,0.0
0.031,0.509,0.0019251199999999998
0.053,0.531,0.0
0.182,0.518,0.00069632
0.028999999999999998,0.514,0.00012288000000000002
0.055999999999999994,0.5379999999999999,0.0
0.187,0.519,0.0
0.027999999999999997,0.512,0.0
0.049,0.524,0.00024576000000000003
0.09699999999999999,0.521,0.0
0.025,0.512,0.00012288000000000002
0.10800000000000001,0.528,0.0
0.161,0.52,0.0009830400000000001
0.028999999999999998,0.509,0.00188416
0.055999999999999994,0.531,0.0
0.233,0.515,0.00065536
0.027000000000000003,0.51,0.00012288000000000002
0.052000000000000005,0.531,0.0
0.158,0.518,0.0
0.031,0.511,0.00012288000000000002
0.071,0.525,0.0
0.084,0.512,0.00135168
0.033,0.511,4.096e-05
0.045,0.519,0.00012288000000000002
0.17800000000000002,0.516,0.0009011199999999999
0.028999999999999998,0.513,0.0008192000000000001
0.08199999999999999,0.529,0.0
0.145,0.52,0.0
0.031,0.513,0.00012288000000000002
0.057,0.539,0.0
0.2,0.525,0.0
0.027999999999999997,0.515,0.00135168
0.044000000000000004,0.525,0.00073728
0.187,0.513,0.0
0.028999999999999998,0.509,0.00200704
0.054000000000000006,0.526,0.0
0.102,0.515,0.0
0.027999999999999997,0.511,0.00012288000000000002
0.10800000000000001,0.5379999999999999,0.00057344
0.136,0.513,0.0009011199999999999
0.057999999999999996,0.51,0.0
0.069,0.529,0.00024576000000000003
0.207,0.524,0.0
0.027999999999999997,0.519,0.00131072
0.057,0.528,0.0
0.19,0.518,0.0
0.028999999999999998,0.516,0.0
0.054000000000000006,0.5329999999999999,0.0
0.132,0.51,0.0
0.028999999999999998,0.507,0.0
0.11699999999999999,0.521,0.0
0.1,0.517,0.00110592
0.027999999999999997,0.512,0.0009011199999999999
0.048,0.527,0.0
0.11900000000000001,0.517,0.0
0.03,0.51,0.0
0.134,0.51,0.0016384000000000001
0.1,0.514,0.00106496
0.028999999999999998,0.511,0.0012288
0.045,0.523,0.0
0.08800000000000001,0.513,0.0
0.03,0.511,0.0
0.042,0.529,0.0
0.16,0.518,0.00069632
0.028999999999999998,0.509,0.0
0.057999999999999996,0.523,0.0
0.165,0.516,0.0
0.031,0.511,0.0012288
0.057,0.526,0.0
0.193,0.53,0.0
0.028999999999999998,0.513,0.0
0.077,0.526,4.096e-05
0.094,0.516,0.0
0.028999999999999998,0.512,0.0
0.13699999999999998,0.514,0.0
0.214,0.52,0.00057344
0.047,0.511,0.13275135999999998
0.05,0.522,0.0
0.08800000000000001,0.514,0.0
0.027999999999999997,0.508,0.0
0.154,0.518,0.0
0.149,0.509,0.0004915200000000001
0.21100000000000002,0.506,0.0
0.121,0.521,0.00020480000000000002
0.079,0.51,0.6139904
0.026000000000000002,0.508,0.0
0.13269979212398175,0.5198332217472243,0.16742312183734415
0.1281616833106502,0.5084669679501105,0.0
0.02883847936159524,0.503426479998765,0.0
0.13479354714796868,0.5088959611177174,0.0
0.14295032583389028,0.5252082394656039,0.181229952858236
0.03651079137549201,0.5217629503165118,0.0
0.12657230240424328,0.5298778517605736,0.0
0.0344919416189486,0.526973590698288,0.025236552415946086
0.1797505575697107,0.516206869367485,0.15174522645286054
0.1528402512144765,0.5300559801183156,0.0005662482791580006
0.25908535518216425,0.509697928419078,0.11647611305367093
0.1182436676111444,0.5153116452053642,0.0
0.1780015576709213,0.5208815358456996,0.13780486109377343
0.08112867495268908,0.5187387689335894,0.05803885451448183
0.0975145118146211,0.506890995180838,0.061903464877189354
0.07651337867602975,0.513043895243216,0.18586392975214067
0.0019749351775128904,0.5224557029761997,0.0
0.13430048924016963,0.5133087065263688,0.0
0.12685436660872895,0.5103336990905931,0.0
0.09298749320086043,0.5145312027196259,0.0
0.13816676103837042,0.5144029928512247,0.01703626926378377
0.11108066711263989,0.5161653680333382,0.0
0.16481298562653524,0.5201135446603291,0.0
0.17814404546548668,0.5209071923980199,0.0
0.10582545877655322,0.5195370152756155,0.0
0.0051361440112608625,0.5053149865468245,0.18718253068654156
0.0192709974818233,0.5094810824058175,0.023760491776394797
0.0772866674559145,0.5112087982127215,0.0
0.03384789533233491,0.5132835031200502,0.12397391346049737
0.036258989049054426,0.513767151992305,0.13460305606138062
0.07809794452247462,0.509047859308481,0.0
0.02231525192016655,0.506063818457489,0.14081465578027177
0.046917912912475296,0.5121611545131486,0.15193305074896252
0.0656665913048628,0.521427358137672,0.0070486210953772405
0.08362353033249519,0.5167139107068066,0.10518974429493205
0.003274551939829451,0.5236922800414204,0.0
0.13465377764541717,0.5186064538218156,0.039246682745393766
0.0,0.5151631442693267,0.05597336179423861
0.08769229684665777,0.518083511184728,0.019378325584699898
0.07070556579833324,0.5224970055967078,0.0007113869343731219
0.04529344320931079,0.502112482427532,0.04919885828362439
0.16731247081240003,0.5167019597399584,0.06016734340343113
0.035922639754591534,0.5273751433807575,0.0
0.04140787604331775,0.5161110797157066,0.009872399053192496
0.12158068393362624,0.5169410859095951,0.0
0.0,0.5135984573493213,0.03831266224896587
0.15014113928777179,0.5188184282203373,0.11996933914744212
0.12752458491093516,0.5207215731754955,0.11502349183523204
0.0,0.5353121940367138,0.08778723272976169
0.11676462973654349,0.5252723861906048,0.0
0.12054213966951213,0.5086471360603866,0.0964873885366036
0.09381497832055657,0.5097232606375826,0.0
0.10227174626098032,0.5108818234500877,0.06308495604653563
0.1139066385491814,0.5333439936817094,0.23726501444399795
0.09836652610568114,0.5055084478044721,0.0
0.07262605509525434,0.52702545658583,0.0
0.06529375753477476,0.5263899336303539,0.013233384666804453
0.02170589000502822,0.5216624264891377,0.22736433792862376
0.07873410620679977,0.518947238519843,0.0
0.015908301729698288,0.4987364574994749,0.02924027323661358
0.06579791148498808,0.5168839463064338,0.017268064035792906
0.0771151872237059,0.5165712181799779,0.10723414058863552
0.12484665436040239,0.5243454561592443,0.0
0.0,0.5069471069908338,0.15739419904123514
0.04940278424754948,0.4960492424442339,0.21500086654688183
0.02531903114807698,0.5205370632474475,0.0
0.18861972053188147,0.5271745935223024,0.0
0.01414954633846402,0.529216298711481,0.035810420214538216
0.012996906288932145,0.5254042218029515,0.0
0.12998679385613038,0.5276916216249034,0.0008446026572187619
0.1284135887380978,0.5243947528696549,0.0
0.05932738778929586,0.5247556668243502,0.12573583398026913
0.015225324122630807,0.518229833326136,0.0
0.037267049272901434,0.5199464030997529,0.0
0.22234091453864868,0.5133476999896227,0.15432962488982016
0.0,0.5159974983702921,0.0
0.09328085782023168,0.5153938241947267,0.0
0.09193950325835847,0.5106729244472075,0.1525046399212599
0.07897082776362596,0.5283247267763237,0.05386524568868869
0.09997196610243546,0.5223081387671776,0.15862770884966348
0.11275015822598777,0.5154641459467446,0.0
0.11793477296064422,0.5230976688434024,0.0
0.09121620256599833,0.5076672602439668,0.0
0.0889676105763247,0.5186910885933351,0.0
0.03598986233780761,0.5131706621493196,0.0
0.030190065165480548,0.5311259531340615,0.047165349857786865
0.12193750092766831,0.5148134055443571,0.0
0.05171047499008085,0.5018799422370623,0.0
0.1287948483289611,0.4999058721210794,0.05279829869940856
0.13350197636446232,0.5212272831917291,0.0
0.13241353001152195,0.5153291226771518,0.0
0.0,0.5241185125443792,0.12294992158845607
0.052296342889645284,0.5010849333215742,0.19145637448525638
0.08733516254698456,0.5165571917408087,0.10615319938840938
0.08037788568816648,0.528504707326901,0.14869315007331269
0.0118362994574856,0.5127060955620787,0.1144151959501469
0.05343453762107914,0.5275298073395819,0.0
0.0070401809687175715,0.5184620862546155,0.14543312285984522
0.11634232553633811,0.5159852866877066,0.10319357836161078
0.1021359383518758,0.5279442019200778,0.03001018216764812
0.0,0.5141443419847336,0.0
0.06719994615663652,0.5188385485931253,0.0
0.07851878496796694,0.5059339564892317,0.2104499052657543
0.12337309611650923,0.513769284005373,0.08664317405769016
0.15313772553445182,0.5221416974683155,0.0
0.050568185130620676,0.5241175004869765,0.1341358534848351
0.09968666453787156,0.5159741965707837,0.0
0.00607821884341625,0.524633948338191,0.21623948184236486
0.0716115755964225,0.5033676077259622,0.0
0.1059759839281644,0.5113974156754145,0.06168301869348213
0.05962733176501139,0.5365671095926324,0.1270573533550039
0.1704400448630617,0.5296689293708802,0.0
0.07587961549719398,0.5211255254456659,0.08194971926346405
0.09310237532010307,0.5236212860676733,0.0
0.09605596919482468,0.522379480157745,0.030239104609129867
0.1150432175891794,0.5167967635872165,0.08015850686588835
0.018711359897513463,0.5237666867914236,0.027776066350816357
0.1793518316506756,0.529006469800907,0.019691398828048524
0.09839395399134457,0.5124269774171285,0.0
0.12726978620724372,0.5197747765570879,0.005452972762592028
0.09301179210644138,0.5052773780678398,0.13250104922910935
0.06933281064208958,0.5139418297654228,0.0
0.09225697072212567,0.527221553816126,0.0
0.1141930943022685,0.5145700901295029,0.0
0.14632721547112343,0.4964153589787895,0.1280343510210884
0.10110721402471001,0.5170774855764391,0.0
0.13999544261369656,0.5066279284539863,0.0
0.08335266859683997,0.5211082368210194,0.0
0.009046516180634331,0.5131967610194045,0.0
0.0680791830376562,0.49462387335708585,0.0
0.07830344659973264,0.5150979824280728,0.0
0.1136313078002364,0.519382090254906,0.0
0.008294016610710692,0.5131387850646828,0.0
0.16954007080328498,0.5133698178443253,0.0
0.1866404449777388,0.5162630011900452,0.0
0.004276429855812863,0.5317960633779193,0.0
0.11001126504672182,0.5035233674139175,0.07610066987218742
0.04612390335316069,0.5212119906936038,0.08012346015648159
0.16329946110790805,0.523067494889061,0.003954639051105576
0.0,0.5192479661110998,0.019711110722679375
0.020335304351764602,0.5105157461261065,0.08510478331161944
0.0826984980396199,0.5137015898568106,0.053424831123486616
0.1389328853437495,0.5309444208894425,0.0
0.09179143889536479,0.5208921811858142,0.161978717634791
0.06342978908621665,0.5108294717590701,0.05462412627650916
0.10925104098335871,0.5291377781145536,0.047207068665620036
0.11794953368970937,0.5217580497880878,0.07295014008550207
0.12198702997898708,0.5139008769400835,0.05152210089986548
0.039797407208168455,0.5360120681611923,0.0
0.020875597685822964,0.514939653901704,0.2484938641383388
0.08172380939980896,0.5356040039161225,0.0
0.045698962082267244,0.5243922999052819,0.0
0.10258117775484699,0.5252830558732787,0.0
0.01023488445415309,0.5138702877765284,0.11563757334391538
0.003756406051581812,0.5047715683810894,0.0
0.0,0.5240108679328221,0.07860213476609125
0.10062295406642793,0.522373061333582,0.0
0.11190685348054806,0.535327107344533,0.007388526668244619
0.0,0.5110791748761736,0.0
0.031940530386333044,0.5169496218577498,0.0
0.07790821145243118,0.5193809155701867,0.06055740476333595
0.0601094114893551,0.517808804820394,0.0
0.1629953224719418,0.5348892297574103,0.054078358755519015
0.06190533675124689,0.5177099203999058,0.11838913077680366
0.04583002986049167,0.5196104885432742,0.0
0.1168135408712831,0.5218264386417174,0.12507286176326315
0.14753568038701445,0.5066669890327427,0.0
0.15211924802805993,0.5233228735729644,0.06526276456212944
0.0432140778460345,0.528696086634065,0.0
0.10035637916568603,0.504027390492226,0.0
0.059077689152478435,0.525321288145051,0.0
0.10355135727839974,0.5233093726268712,0.21459727145822283
0.18108957553299038,0.5301649335233998,0.11012342958706008
0.11001832815215451,0.5248273864504053,0.05135811869837712
0.07124961443035785,0.5396858199132963,0.03496497693473892
0.08285873703921226,0.5150825128580331,0.1715303587367995
0.1406985618428473,0.5241872087313194,0.0
0.011140435522404443,0.4973214187589848,0.08947378463252265
0.10455943331095421,0.5328571895628681,0.0
0.10295535618245155,0.5224097995891885,0.0002759631403599812
0.06621811981907098,0.5149059003908768,0.0
0.0,0.5352753186875459,0.055334618878173654
0.07804618479313438,0.5130954926756087,0.1471294250565502
0.06008483222014452,0.5190904856116112,0.22915692160526147
0.12111947928891448,0.5272930717117434,0.0
0.047472761610755414,0.49959207056736793,0.0007237669673319479
0.04488687663119036,0.5003561469536719,0.09692450125296853
0.0020196886257172197,0.5047005430270022,0.13465964973775452
0.07115589846606804,0.510120954445473,0.0
0.05547481835688247,0.5172900879239183,0.004402475515170333
0.05965892593002164,0.536282777268965,0.0890749510842885
0.0877558794452187,0.5160329066784578,0.06576514967989483
0.0859486182639314,0.5184943705596081,0.17723468565371764
0.08395845179439874,0.5190626441833585,0.0
0.12544251926177527,0.526029057450602,0.0
0.07911650660083765,0.5258341604613912,0.030063212803989568
0.062459000080692204,0.5098695307644847,0.0
0.04160623121409367,0.5344876051093682,0.3859939556911754
0.08931311759388735,0.5089276355747323,0.028781960125023952
0.1663215604398172,0.5168271352036711,0.0
0.20858864199227078,0.5275093204642811,0.0016170668827437049
0.021722901554788204,0.49620889490093545,0.07242036642821273
0.09969083299485541,0.5319229018843522,0.0
0.08424839412978359,0.4994322124435453,0.0
0.14751165424185636,0.5158816025133585,0.23108433292233233
0.02442987302659559,0.5184116119874621,0.0
0.08506081525649319,0.5438375626864751,0.08989617586543754
0.052663755188548746,0.5247519186550296,0.07424063894928816
0.1324563157267335,0.5022341299504071,0.05484859213862881
0.03979224039756312,0.5093887606744342,0.0
0.029607857606445763,0.518568438204721,0.04153254559083194
0.22630199527278028,0.512217448023043,0.014517130874636755
0.08343210039040078,0.5262659858283949,0.044656807755562924
0.04240116561135098,0.5165786518030174,0.0
0.08077827351408909,0.5105981631494695,0.03752555343814004
0.04767792854579842,0.5089446690385754,0.0
0.19846531325978684,0.5238232497701947,0.0
0.07463463862943492,0.5101116652709863,0.2855473201927296
0.08067180561744204,0.509128499336961,0.0
0.142456985556012,0.513891976116963,0.002519523512996537
0.07868948877287839,0.5301955609924882,0.08213681496867442
0.1223795172714032,0.5241873979535712,0.0
0.15379708911754458,0.5109263182671817,0.15132737591215345
0.06577081409965402,0.5175448821928923,0.05277192603192171
0.04981629537094248,0.5177067644809026,0.038763169848719775
0.07468786333445258,0.5202985922953313,0.0
0.14954863697378865,0.5268633005453044,0.05168444275353376
0.10660703685769307,0.5223504731055397,0.06841302015762246
0.03373897560395002,0.5023542312083792,0.0
0.07765964905546759,0.5120994968416992,0.08536404676813412
0.06776526396802135,0.5133044839618046,0.0881570550626119
0.07881798231903839,0.5151894272836967,0.0
0.07474799848703,0.5008320298559893,0.0
0.10097830439286837,0.5082386793072106,0.1766023424534111
0.10242559798184113,0.5137689736160573,0.11620113710531678
0.2081825197775193,0.5088313058644529,0.0
0.04814496482597857,0.5142379560325074,0.037904310701068714
0.10029042905886679,0.5121083848021198,0.016776575874418786
0.034678525447819956,0.5147294856716683,0.0
0.11277651011279159,0.5155927956591959,0.11250345696215809
0.10603889425890607,0.5341430857823662,0.0
0.0,0.5206216341728963,0.0
0.019517220506988217,0.5235159913608107,0.0
0.012640104026415175,0.5171684647739799,0.0097206374619416
0.06568157699727917,0.511135203490658,0.09501358317204081
0.27559045274388716,0.5101283706213324,0.0
0.15986277969465165,0.5202272599026807,0.0
0.1382338816995276,0.5034327394845587,0.14137157240032297
0.10792063989183694,0.518376553683963,0.0
0.1081284862981839,0.5179558691664146,0.06814514405468075
0.13941206586687707,0.5168831247924481,0.0
0.10306282042938202,0.502671922523792,0.0
0.15093660643934714,0.5147362371612823,0.0
0.14813694531475424,0.5322712124788728,0.0
0.0,0.5106537570424066,0.1642481780909686
0.06375450394513478,0.5402139197865029,0.0
0.0024649962318756824,0.512216202716765,0.055240227662149574
0.08678632583047587,0.5260731620837329,0.028280537976068967
0.0,0.5244972758116274,0.0
0.084845628840197,0.5206421574600094,0.0
0.06268462166106539,0.5174921660232482,0.0
0.030995014927410323,0.5260341773921311,0.06525184451431684
0.0,0.5267677033816297,0.057734666565738085
0.12240776791382205,0.5113772333831951,0.09229220093644255
0.05622196907364091,0.5235057853304299,0.12613479335755548
0.16396556137820562,0.513088001986498,0.12968061141027387
0.10466975004557504,0.5207062186051743,0.07136415335020777
0.17923287167554688,0.5323637024392559,0.02704357767211351
0.1438609816801551,0.5041631322280794,0.1046646696114815
0.0054317595908574545,0.535986841236116,0.0
0.12492241186043943,0.5113545655438532,0.0
0.032126434070158194,0.5185754399209344,0.0
0.0831676727365281,0.5086791001782427,0.009790079106660717
0.09962763412595638,0.528076472428353,0.02317021434133791
0.09599172907225073,0.522469367186641,0.0
0.10928036877257283,0.5435202703078672,0.005857279270670214
0.09020410751948074,0.5181680804255471,0.0
0.0,0.5182755674704571,0.11273528535665346
0.07968100347720365,0.502477210486923,0.21031283839482567
0.11307172244600058,0.528205188593625,0.0
0.12945617135707266,0.5230570629760263,0.0
0.19905588450018014,0.533304915244357,0.0
0.06208104275985521,0.5094065679911556,0.01264266307803968
0.03686815258332714,0.5259119540020301,0.04123997123960435
0.08150681344518017,0.5178123880247105,0.1328684818647976
0.025564768207333707,0.5296218324253117,0.0
0.11315297338841385,0.5185568987096276,0.21382232100397836
0.12682396340406976,0.5146680668251946,0.0
0.017061575178256225,0.5147863270917623,0.0
0.12491870271439456,0.5172868162394859,0.1752223771019279
0.12224422186776901,0.5216121970388028,0.07831078176354589
0.026776152283150514,0.5021450893784589,0.0
0.1528633238916709,0.511123308395709,0.0
0.056038272836023466,0.5189462820388017,0.0
0.060431067980513835,0.5137106680751035,0.20213358289475375
0.1033282328405663,0.5024468634385676,0.0526741530431032
0.07778994301044155,0.5145421730916125,0.03961290130910477
0.09306677787926126,0.5331481808995119,0.05856706203626634
0.0163876149792348,0.5224360791678547,0.07312063649223138
0.006471740463792272,0.512812629146493,0.21599199477355197
0.06026343459024788,0.520397019120568,0.0
0.16021500491473395,0.5273485687368151,0.0
0.0,0.5190073817250899,0.037921987702025525
0.12335324309732174,0.5068271088607722,0.0
0.12059735044079331,0.5280063776304755,0.07576044431479023
0.10733208526455454,0.5032552804816989,0.04791130858506873
0.09445593068390694,0.522189398407201,0.14964422163100705
0.06801161243259475,0.5089856572000985,0.2699440939127243
0.032182085396087814,0.5260830933157691,0.0
0.05096612199520162,0.5180246279229779,0.0
0.04195940961666409,0.5198780567931692,0.0
0.06018024138203852,0.5153697392530454,0.0
0.03611498903536619,0.5363890285593497,0.04422765222709139
0.20275219010968853,0.5274327357992031,0.0
0.2155369638063665,0.523840911371834,0.0
0.07559180369786594,0.5222179025751248,0.023045808038979914
0.0,0.5002398224926882,0.08663355873903497
0.07071785227335955,0.5096824342046019,0.0
0.06827672553631053,0.5124449359585911,0.0
0.06785994483319639,0.5127450021586606,0.0
0.1263517250563415,0.5121131479659083,0.0938658092743457
0.11802002815076121,0.513316889587757,0.0
0.21610313499858746,0.5210386106088294,0.0
0.1292835406995336,0.5365605760925879,0.11981198205888254
0.0,0.5065143533902543,0.055781342330342765
0.06669333232487526,0.5144199575344716,0.05826717648987646
0.06549637733385816,0.52522285409911,0.3488010609097849
0.09907938660212806,0.5212260735550871,0.0
0.049367042763781746,0.5000828282703931,0.0
0.062325135134231005,0.5192685166512164,0.14225730004314732
0.029525660506825382,0.5216142651033093,0.03395408720679709
0.0948702663659375,0.5214500892344871,0.07823670334484328
0.05791806635912368,0.5059283287549313,0.0
0.13334690164983076,0.5297204720347949,0.09744859337058581
0.09981073736097418,0.5228148518459048,0.0
0.11308733068675263,0.5176748978485171,0.1227623704564137
0.01349049480609893,0.5085867159517931,0.0
0.0,0.5269939379275366,0.0
0.05156635150392577,0.51755953937493,0.17538579639588603
0.12065313117498945,0.5198811961704031,0.0
0.07519329591950921,0.5114809576497857,0.0
0.07387939967854691,0.5310905537335948,0.0
0.08100336438473511,0.5070018871706826,0.10275980798749
0.2547641978402617,0.5185401676366097,0.0
0.1508879635171392,0.5154629401403237,0.0
0.0007233148757944674,0.5196738350522483,0.06513307309693406
0.08591992791375933,0.5566827524255927,0.030510173876351077
0.07064155781807316,0.5115553028725707,0.21226108553561007
0.17428780503006475,0.4934220527530742,0.18997486479265263
0.10715774880310461,0.5206993430730812,0.3026506462655418
0.03510656545531671,0.49877505556455837,0.05989419882375662
0.10413863919229101,0.5014292532237434,0.05231059151945301
0.09032023015998848,0.5003478474096599,0.0
0.024299457851186597,0.49898907551121696,0.013932814525548114
0.05260444887854691,0.5156740911833595,0.04854169278481406
0.10531870182894015,0.5215359851530476,0.0
0.09800828789777245,0.5249980913382198,0.0
0.08692962822099883,0.5361692938753017,0.0
0.06664018432486236,0.5116157193101845,0.0
0.0,0.5303980793044678,0.0
0.1920016007533037,0.5029311067522187,0.010419584652843818
0.1318419122991341,0.5273958763470994,0.16296057461012603
0.07812915772682516,0.5326615941568116,0.0
0.15155633795448126,0.5269112630640088,0.06350844671424208
0.1148752329856766,0.512108538517964,0.0
0.12729066936564593,0.528638113805726,0.0
0.19331287994181395,0.5175898225703471,0.0
0.13175803925350466,0.5104129304590478,0.0
0.08932407801208847,0.5133852964936813,0.18408999416457505
0.1475816354304964,0.5079699891392472,0.14135793888340448
0.1244051156262834,0.5282720846531171,0.0
0.05784451184546535,0.5249537147068833,0.08619488155579914
0.12935897137082442,0.515062404354067,0.00910134759427332
0.041259353367737665,0.511950572569905,0.09510951547546861
0.0,0.5130478978023102,0.0
0.052763058235942024,0.5215776613957692,0.03573345955292753
0.10926495884500038,0.515388618808538,0.0
0.062114194635935524,0.5251871473003116,0.0682103496482354
0.10714479825958309,0.5080190663389641,0.2515805624911511
0.1874487826281877,0.5187843351725466,0.0
0.12300515129231837,0.5094910520947973,0.06979971407036298
0.06475175091998148,0.5063939224913128,0.0
0.04709544354906276,0.5230989231662645,0.11292030692189244
0.020521668895424366,0.53167798091171,0.0
0.015468900635034893,0.52395364705228,0.0
0.06985594884479183,0.5286094096428968,0.09235676531464855
0.06829109270216435,0.5247304297166505,0.11950291590051634
0.01816883912895205,0.5160746697011683,0.0
0.11655740529111522,0.5148119020918124,0.009891802169105518
0.02529664943591578,0.5139843882947968,0.0
0.10683032494281,0.5233385447157908,0.14632703591494406
0.10844726944565602,0.5150446535363903,0.0715639583781456
0.029108594049412025,0.5090588747111421,0.03271885065876604
0.09883255934982521,0.5090932285479461,0.0
0.16381802974683538,0.5025299228852178,0.033600295899928204
0.04620135988602867,0.5205441960974003,0.23978071876992624
0.08847415555246366,0.5110375735631862,0.0
0.038705203608485006,0.5150441130800322,0.19098170777797274
0.08481595336037716,0.5243409306751604,0.1356101336931101
0.1377012898092807,0.50860846209339,0.17530847917478815
0.17451178486945462,0.5289037028153365,0.07729422658911972
0.03665055203492256,0.5191221702849483,0.03898326291142356
0.05618394840224005,0.5156510892605461,0.0
0.05431135830468166,0.5040368895041558,0.0
0.0,0.5264980017771926,0.0
0.08907366938095486,0.5245825436398542,0.0
0.12135061309148698,0.5114726940130642,0.0
0.1687006765138822,0.5289984038552398,0.0
0.07027463017789293,0.5309904961817582,0.0
0.06321500057406157,0.5298880427559739,0.0
0.04847177084992066,0.5030667347339535,0.0
0.09753225604546015,0.535813299796913,0.30881391119596774
0.022595914810243402,0.5107021621731949,0.06034441781295656
0.1566129910471229,0.5094253245336817,0.0
0.12490879760825128,0.5182665990096524,0.16485893828691428
0.09395035444739165,0.5200840982924528,0.012558821985039633
0.1372997084074717,0.5220531814737284,0.0
0.13099178145199725,0.5227574784372794,0.08229540561551303
0.03433132160178443,0.5113304415405617,0.11037082244381802
0.05440630401765222,0.5134580987605509,0.0
0.08478770982466646,0.5211796622813041,0.0
0.09555837391371776,0.5336990691871242,0.03533911319760585
0.0,0.5207878500913566,0.0
0.10760254406778152,0.5159400289699385,0.10001798020656615
0.1389469586260849,0.5190702819847461,0.0
0.12336698111351604,0.5014192680123666,0.023103931993323324
0.07034565334715052,0.5233883941260872,0.0
0.05378755750414726,0.5177410376482718,0.0
0.022755084265966265,0.5151161035973809,0.0
0.19260339540979393,0.5115017675708039,0.0
0.07780159527169879,0.5256613442983421,0.26653283530853383
0.08616479627781667,0.521807768397937,0.0
0.0,0.5195276773789758,0.0
0.08959635036853428,0.5283620058695451,0.0
0.08072248580419092,0.5075657900499533,0.0
0.10526437821344524,0.510803724836112,0.0748752253132397
0.09948405263557747,0.5223073131128625,0.0
0.111362621223989,0.5219175050332575,0.155727233702374
0.0,0.5238991667793582,0.19306967540989828
0.1050387845315766,0.5195683876168492,0.2349269265616588
0.016365547317333737,0.535096516060584,0.15207281406825973
0.1488648755783359,0.5297851530981504,0.0
0.08499807717163697,0.5080369918012704,0.19764890429795223
0.1741242670297242,0.5287802654504363,0.08530728556559182
0.1526559092242572,0.5253862390469302,0.04178268542489995
0.08624343682484369,0.5121563623093192,0.12814386023723398
0.10374839306396094,0.5176853201961477,0.0
0.17631093785770172,0.5204793552216034,0.0
0.05387587631380246,0.5073056063020771,0.0
0.11958908269119489,0.5196448757579922,0.01696382073235389
0.16187517624241915,0.5242508380914727,0.2518467009970594
0.15524565033962923,0.5439946227467577,0.0
0.17130983045775156,0.5286721640008851,0.0016167124208476893
0.10542440929850376,0.524185471886809,0.09119955353756895
0.1612787427666564,0.5273543702407887,0.13099975472698278
0.10714579796859526,0.5293165760726289,0.0
0.09167879606619013,0.5212982766120537,0.0
0.08390893139729165,0.5255503312381997,0.08246311791141493
0.03314977985532807,0.5161034863460142,0.0
0.0,0.5202945877739377,0.06436892366688532
0.15017892164370955,0.510160246638942,0.3324010424515998
0.08701528031518357,0.5215015448403091,0.0
0.12968054167150822,0.5046817440541508,0.0
0.031072934367278017,0.5123236215205798,0.1075723116473483
0.0869866518556756,0.5180495200123847,0.0
0.0366625004806981,0.5160385235343846,0.0
0.14562487847296582,0.5046433878970183,0.012264259718154025
0.1557283740439097,0.5104667424176467,0.18876160968416034
0.10567557714418964,0.5164315303124363,0.0
0.04272431357770986,0.5319611124726814,0.0
0.014842951291838033,0.5189072385653037,0.0
0.1401453619655817,0.5321648763974424,0.027190848805256303
0.13012258364676432,0.5135345922041101,0.08538023776621946
0.040568806462863184,0.5242183539093278,0.0
0.0702799753930175,0.522795847772604,0.10143402167523184
0.06226466040042988,0.523924188982581,0.009163305339147868
0.09003737406115203,0.5129338148877485,0.09489791249572908
0.054675305164639684,0.5193030064376608,0.012853288598253524
0.12145677007402618,0.5262601950366586,0.02700594788376999
0.04352768649135791,0.5181363725803357,0.0
0.050030089270480776,0.5214913492009623,0.21424879032980781
0.0,0.5206955723862604,0.0
0.12379853190462586,0.5271235572291993,0.04107439495420634
0.0,0.517238514409164,0.24769580617137932
0.12151202711376596,0.5205020682690177,0.0
0.03149594739832236,0.5109285734898391,0.18197654156061366
0.04096337862617181,0.5079907626360821,0.0
0.06889293350368438,0.5111185779664973,0.0
0.14820918701057098,0.5198520889473827,0.021858046592954015
0.05083167479805088,0.5241176691698439,0.10684380694226779
0.07661513178388302,0.5264071324751084,0.0
0.024728132570838265,0.5236796653149269,0.0
0.06633338041943694,0.5162189480549673,0.07825702125175815
0.13327941488170675,0.5070516876624037,0.14268105950880094
0.07273922465908306,0.5050371898506184,0.018827959048782886
0.16547616402331006,0.5086926924681575,0.11037023351198127
0.08460103921973453,0.5221576926998982,0.2750566741344461
0.06077797729766735,0.5174661614879027,0.17674629889229937
0.14381371374914306,0.5034121857163915,0.0
0.07284723543068646,0.5016270960510351,0.09448508526124991
0.07249384344781709,0.509518809897593,0.0
0.15298910330977988,0.5206905483059691,0.0
0.17571107354022436,0.5304775348371712,0.108097603870062
0.04634741649191038,0.5247126347450389,0.17135777664764668
0.050764675076572695,0.5098447855005311,0.0
0.06637051054072901,0.5211219002699218,0.0267816048572204
0.06186224897024286,0.5182637831483835,0.05710814370724641
0.09735798645511909,0.5326946990406191,0.0
0.2213247787014864,0.5024208397882515,0.0
0.06901454002132235,0.5056777317017078,0.0
0.1399586993312384,0.5228627433198816,0.12944046210145288
0.11287071515033338,0.5117307362041712,0.015136897455798867
0.19289058102884082,0.5150788687060807,0.17208492682735899
0.09734457361123439,0.5192218472700391,0.0301834343184623
0.03615882249499935,0.5208554425274793,0.0896562345982074
0.004452541980224392,0.5062336779416595,0.0841111065033929
0.0936520906885902,0.5170877347992215,0.0
0.0,0.5209023203827062,0.16533855585420754
0.07032390163118965,0.5262600945570898,0.000241048911973938
0.08447177157395015,0.5335146955435931,0.0
0.13799373407622917,0.5183074442760112,0.0
0.04150385379760821,0.5411645249847357,0.0030594078066757922
0.091506081865703,0.5167998405250482,0.07060308423907777
0.0,0.5136868892148431,0.050982079535600744
0.015326476100258099,0.5178401714873685,0.0
0.05979964192089987,0.5171290387565967,0.1139064920089317
0.058733833654852866,0.5198618472884068,0.01468589742427027
0.004323707395891205,0.5224728064908514,0.051457648978001785
0.16570380009363778,0.5131091553323383,0.05437843136951247
0.046621475073764,0.5161826740334184,0.0
0.2533134836253906,0.5324303436719822,0.03787179901157402
0.1728774010426361,0.5135616797291461,0.0
0.028970748680342107,0.5077242031134644,0.07852431203872395
0.016846177250655195,0.5085708476027231,0.0
0.03938718126752721,0.5106266112383852,0.1764155700225407
0.0,0.5089930919594668,0.1212343620744166
0.006562160422496133,0.518867627069981,0.0
0.05669429438839259,0.5275671512600955,0.0
0.0,0.521708590711669,0.045578715419120376
0.09107228732647385,0.5283114656378206,0.0
0.06416245673116647,0.5296798352296822,0.0
0.08381453427864789,0.537324173149664,0.13152108800026036
0.08984786574055162,0.5225605483889787,0.0
0.11757380956158883,0.5222658016656695,0.1257551483673511
0.1655138121123918,0.5239161901723249,0.017215744750098714
0.06950502756168947,0.5346752156154148,0.0
0.11522081830044752,0.5177094098520391,0.14816014121875787
0.15013765773359594,0.5181069832886835,0.019107307167384707
0.03950557871768204,0.5326075112095259,0.03655205474074105
0.07605572637780549,0.5157716111397648,0.0
0.12119806094714056,0.519847606956128,0.11307869698946431
0.05874936991170667,0.5314361003455021,0.07702947325146714
0.08433296326804737,0.5215605561484049,0.1902113202931342
0.13925612913649432,0.5156026891502035,0.18908161379662686
0.09348647330651264,0.5094398784427961,0.18724817499784452
0.1849297566390736,0.5119089276836699,0.0
0.1573932062272667,0.5212888001996387,0.0
0.012656904013828171,0.51155931269382,0.05415760944687896
0.07575871729223951,0.5107022614048635,0.017759312979249656
0.0,0.5345951116102866,0.0
0.15997152901126982,0.5272774430526197,0.0
0.12018342056820377,0.5264463279165335,0.07854586116684326
0.02546880664557974,0.5225965201347349,0.0
0.08823398309656794,0.524048579834365,0.11157791863467117
0.035911259302422366,0.5272504491901581,0.07447992920348498
0.06031290563663182,0.5289114444573659,0.06222854430561783
0.11838184031994985,0.5277289162654162,0.0
0.12322501926452654,0.5150564655770231,0.16128259310415322
0.19914548501922708,0.4981138962322439,0.11269552950599368
0.07771010809251863,0.5207189553619738,0.104262859384246
0.06718573928882669,0.5102349476207849,0.0
0.16822755317481708,0.5143642001267258,0.07566431085034417
0.1705268462620219,0.5185104272496192,0.0
0.05951276736951065,0.521799067019008,0.0
0.1280058235794505,0.5208905412283183,0.07166595649917193
0.14756430393697254,0.5022590936048218,0.006126199905627442
0.15822469856499746,0.5290437736491288,0.0
0.04579462632932729,0.5353581305857174,0.026585766426257457
0.056727153388471466,0.5179170410241725,0.08274321930870528
0.06989713895072912,0.5092205931490461,0.21559857986905678
0.04876756008997382,0.5055310229293455,0.0
0.05979023943677279,0.5195232120567643,0.1575785378148744
0.038519135441220494,0.51815953959622,0.13262702691644035
0.12776531044781608,0.49087499809044755,0.0
0.0987129721778696,0.5142801886911406,0.0069782926386531795
0.037434248839532454,0.5404629843004849,0.1418964556841006
0.0,0.5186588363594578,0.10976525353730536
0.10631155973076335,0.5299094785932352,0.13460768462426814
0.0,0.5243245557481219,0.02727893672445461
0.009198793092404275,0.5128416929815509,0.04611082506517758
0.13272441281464806,0.5206586433253922,0.0760914524571191
0.0,0.5186087242410045,0.07099596172717632
0.12937388014342616,0.5044286863880415,0.13166347121167743
0.17296962217072614,0.5168303928098441,0.0
0.2013511403491731,0.520685150147212,0.1114544811643144
0.07500575688072215,0.5417643901995758,0.02234940924109398
0.02006977939424673,0.5145694501485203,0.0
0.09376311096993035,0.5187012345110873,0.1996144103017789
0.15217583866889917,0.5156312291763975,0.0
0.11068797631277673,0.5124961932998265,0.027568197481512433
0.0,0.5081528494397206,0.0
0.0,0.5112984187450804,0.015114646096278737
0.16282245395615352,0.5225987922369867,0.15601518829025984
0.1315871688114736,0.5314034079596447,0.16052110050218105
0.0,0.5122662290443875,0.15201486670519704
0.03798000666401495,0.5147256179441408,0.0
0.11606370322922863,0.5146513965209276,0.0
0.15251958389688702,0.5164296923418104,0.10982718888930783
0.006618341028789318,0.5124048456888523,0.0
0.0679395966916785,0.5158242027823521,0.08575530979257986
0.08389946655365416,0.5069506802199534,0.07838569957749018
0.0,0.517231989248198,0.0
0.048328196919478005,0.5131604572049688,0.0
0.021294496026573476,0.5019951706257181,0.16592787415943067
0.11190325432141111,0.5151699792544694,0.0
0.08871074261561918,0.5082924008439688,0.0
0.23756770782073955,0.5192342731622597,0.0
0.09936496630678975,0.5345120400373332,0.0
0.037526355774532116,0.517230576347865,0.0
0.07880302988443978,0.5179458243464767,0.074031454367433
0.0631198682606009,0.5202355340820007,0.0
0.08247131659618229,0.5012516200933301,0.011747099498438607
0.08959229075636024,0.5200738731074132,0.0049065491212120504
0.12284922230721013,0.5138757894299145,0.0
0.01912452216833635,0.5288088287578234,0.1992592416999216
0.04814036881990105,0.5116332212003841,0.09701828130108497
0.06018399787917911,0.5219379887936615,0.06222640095220057
0.07471964645961043,0.49881135519036635,0.0
0.149391482410344,0.5205643256883337,0.019497704360737486
0.017352965797255038,0.5257389363000899,0.037800600462922065
0.15618380719641173,0.5069395153364833,0.0
0.09422640355597525,0.5145117022055734,0.12506368505790083
0.09053614701949504,0.5171110344881852,0.035041742716751145
0.1286268337123565,0.512661515433393,0.0
0.001246038965079771,0.5146352832704586,0.0
0.0,0.5223319708981259,0.0
0.0,0.5013531417977931,0.0
0.29121337068872544,0.526088853844299,0.06837220992302674
0.0,0.5228425099054397,0.0
0.08100580869172566,0.5144954645393807,0.0
0.05492876714441216,0.5092668494297468,0.04622598406754902
0.0393196987851431,0.500892735846334,0.0
0.09265570460761044,0.5194124566209873,0.09889085283857987
0.11922230574478526,0.5276981016737259,0.0
0.1325298408141102,0.5071407844997959,0.017725878313496427
0.019449055696812434,0.521585249264258,0.0
0.0,0.4990311670349157,0.2770856413295069
0.12551028770673162,0.5168808811531352,0.0
0.09082839390813795,0.5114735541024197,0.06002069267242109
0.12581416971336476,0.5289223410355854,0.0
0.015299422811843821,0.5281880701674568,0.0
0.06041332105116427,0.5084836936614806,0.21510467184859777
0.07943989093369011,0.5124712600992941,0.21724346177578807
0.16679318356245332,0.5118674865976992,0.13597230275697855
0.13353931342332614,0.5150850757453375,0.0
0.06462545270021089,0.5161306412692357,0.0
0.18439581115716291,0.5134831521085835,0.0
0.0195887191885753,0.5025005353489329,0.0
0.0,0.5288844387312784,0.0
0.05318114487024159,0.5219836227961765,0.10595410849397467
0.04901138049967204,0.5284421653375961,0.13407204949916635
0.0812060205639284,0.5328620486360537,0.0
0.12315352845676424,0.5268750431358006,0.011219079967336124
0.043730238009566595,0.5160965039874928,0.01768646587291882
0.07761575543941884,0.5266529880947071,0.010789603346151838
0.14689584039597142,0.51681908955397,0.0
0.08515715444632409,0.5210661925529411,0.0
0.0557638963909098,0.51253223190735,0.11174450478317684
0.14539375261147106,0.5244517256751798,0.0
0.0,0.5206937962079569,0.0
0.11148451652013057,0.5143592062719387,0.06205851677054478
0.0579616236004277,0.5199396821792426,0.0
0.020561943517214687,0.5389477956927948,0.0
0.19411972717507817,0.5144146286849905,0.018418594596911593
0.12127761915167352,0.5095437338335105,0.0
0.05788358854380837,0.5187960672162355,0.016024156121559604
0.17438829069032463,0.5149500098287457,0.0
0.08283827656596243,0.5161625074147664,0.19060810478016116
0.09614239004278725,0.5139762818999609,0.0
0.02926508073313446,0.5155223810942189,0.020212694734203947
0.018079085852183013,0.4971768341577316,0.0
0.049896744916248875,0.5140046345803393,0.0
0.0,0.5174987144042243,0.0
0.07351041680004769,0.5208231946266229,0.10257973493286157
0.17220000498441906,0.5079504696703107,0.0
0.0,0.5192965531691884,0.0
0.036247976956233885,0.5334518116034985,0.1458840139599365
0.17680271638792422,0.5152975851145108,0.056456842484337855
0.11683157128920874,0.5234361690647823,0.0
0.07480065608294155,0.5206903044822442,0.0
0.07977449937146301,0.5289131485848547,0.028517021713639002
0.025875449202242724,0.5158093263763777,0.06760810039613208
0.07234923442276361,0.5041665602066984,0.26846247497632714
0.0,0.5381404985874075,0.06604854972831647
0.010434746000070896,0.5251391820109166,0.04288401168212854
0.09006756484753731,0.5199852344932241,0.18682280903645443
0.0,0.5025772171990575,0.0
0.1415148771409974,0.5201314300769745,0.0
0.15553925432111518,0.5141102757691296,0.0
0.1834185545451742,0.5218403254958498,0.0
0.08539304314874868,0.5273747539161902,0.016580717330232888
0.040385582105802904,0.5253773594507488,0.0
0.025785410230639308,0.5187132024543087,0.0
0.026962922148814038,0.5103596539887073,0.0
0.0011495984475952542,0.5271542181499123,0.041922458279285146
0.09521582207280972,0.5063817966759844,0.028486859310225158
0.030156478169339807,0.5161633520633128,0.0
0.16092923697128342,0.5107535064196933,0.09695297440833008
0.0871771901755393,0.5185008452067936,0.03166147693764705
0.06300383239350318,0.532908926815303,0.10931195741387854
0.10507785298218761,0.5261826089652638,0.07917307798151266
0.11508787789141181,0.5156483958871333,0.0500853201864854
0.09815005835008486,0.5258258284005276,0.008083186241483421
0.12225179557403547,0.5195620274704863,0.20285841981866276
0.11913125819272834,0.5323515249409986,0.10109387739047028
0.08590541880659387,0.515831372420849,0.03959072035094738
0.12461363830435493,0.5204419501287632,0.0053194473491774835
0.1064373342213357,0.508354586588473,0.0
0.030434797537790867,0.5191462329470753,0.0541054537817125
0.04057747579405913,0.5224474444225174,0.051322216422981584
0.09041541321967053,0.5218574012002971,0.18063424476201906
0.018518490945085384,0.5136868525409205,0.08409702015858271
0.08105481396463689,0.5162139557596908,0.03188933748895511
0.13842696564264245,0.5129914594007554,0.09153578849335134
0.028182516380122792,0.5216517983062162,0.0
0.12659182616224823,0.538327214443228,0.0805474692958982
0.06158440614186274,0.5352474633410481,0.05869670490429174
0.04809419074801113,0.523447982524144,0.09034228351337226
0.12077266557211089,0.5127043174958318,0.10821018735951267
0.10818266862397985,0.5050651825364818,0.1300636596334276
0.03654338519446419,0.5224081646356116,0.0
0.051664831920326844,0.5106645314926617,0.1786661712359161
0.12547618376055203,0.5279722959618796,0.19620421718597675
0.24446237245654193,0.526113556149529,0.08078500994656745
0.038897450851113485,0.5118791435347037,0.0
0.06641457947575727,0.5172556363856882,0.0
0.0,0.5198879958829469,0.07701039383133768
0.06762564567056764,0.5105580981266544,0.0
0.0059456921017145,0.5191605625101867,0.0
0.15516710514042553,0.5133274234959954,0.0
0.03913133178110157,0.5075057626144166,0.09667781658078096
0.07812185244098326,0.5324028262711525,0.0
0.07047818129778902,0.5285673411117067,0.0
0.0782887482351409,0.508694787239953,0.1512809840187933
0.05293858924815398,0.5300871197169273,0.12886866592646978
0.08476554847586289,0.5102237355204643,0.0
0.0,0.5044634387418411,0.0787583687510563
0.1734292326517433,0.5318552275744266,0.0
0.11673945768829225,0.5214468305384452,0.1346143824291712
0.06125068179723501,0.5076106288019927,0.2319126294631475
0.17238850603824907,0.5275712903502948,0.0
0.149848253920019,0.5134452630782158,0.0
0.10492683197295016,0.541221910243741,0.14709280508912742
0.1692214980631791,0.5179851118429818,0.0
0.09414583781800752,0.5296800285058775,0.0
0.09764282491664053,0.5118874352667371,0.011428464932083856
0.09750764008688215,0.5241583227123932,0.0
0.054660374331251226,0.508240105616316,0.12311279101595342
0.15977943306192105,0.5155848988839842,0.0
0.09949629360137655,0.5107258415065017,0.09686638262602594
0.0,0.5153784388263348,0.0
0.0766355023851004,0.523463256227539,0.12391070065047255
0.1296152447534976,0.53057925798458,0.0
0.1245135864687171,0.5153956691148004,0.0
0.16661797473667395,0.5080003392157065,0.021075776478924408
0.06861373146293973,0.5162978348514982,0.0
0.07585748048990777,0.5024230551686005,0.3939957542008734
0.10303915954951007,0.5043685566042854,0.04537704630127472
0.14367167966242972,0.5184479480670817,0.16925689098797353
0.1533370379252681,0.5426174698013206,0.0
0.049957690848938835,0.5278650848227446,0.006308377751719449
0.0,0.5118545332503293,0.0
0.055587810160316026,0.5326979734879358,0.02761899434591237
0.04584833509023895,0.5144244105584521,0.0
0.042740817114076436,0.5100931523185949,0.14041952501002386
0.0,0.5139114246080813,0.0
0.049275062573157474,0.5241005204089081,0.0
0.17556978849747962,0.5189801828235087,0.09964129337910403
0.0277867461886594,0.5427741759793641,0.09977176370153647
0.13814664117814504,0.5159092253170532,0.0
0.05613933934070517,0.5199189543309057,0.0384414580982176
0.04049745863208526,0.5015175927617971,0.26374233058764
0.13250154239224174,0.5073301420424462,0.09839231952800531
0.0,0.5274160061425159,0.0022055062869624584
0.07722974733202605,0.5156955638041687,0.09990644797480239
0.04566412116430471,0.5167601195151349,0.0
0.1057549479656602,0.507491144714795,0.1700065410155892
0.12421152960553997,0.5249667235496387,0.049577676030459775
0.06816356917528811,0.5084131013690939,0.0
0.12343088928636442,0.5202443072461109,0.005281059514889172
0.006194444833896001,0.5074595660117306,0.12762253292312692
0.10647748130519145,0.5125764300269358,0.0
0.08692562436288306,0.5124673132897826,0.10987874188350796
0.1207506647170366,0.516608039713124,0.0
0.1476915108249584,0.5279850813882806,0.12583521547377166
0.09760330565119471,0.5116382904772877,0.0
0.13209048129032,0.5142070197344341,0.0
0.05498920860323509,0.509276793344993,0.14061449199787357
0.14477454013497598,0.5163541639456195,0.061711283956373444
0.06336392155416729,0.5232770088215557,0.0
0.1331818057165118,0.5146717922084239,0.0
0.0717258931163529,0.5263313369244599,0.08334952523369196
0.10621234783176757,0.5185101403376393,0.04026359943655776
0.09021739619980057,0.5121189955262903,0.07062966682372626
0.08778638332610797,0.5069009287903771,0.0
0.10386925096343474,0.5272798349582701,0.06739611671302997
0.12446835960927938,0.5255850585353793,0.0
0.03581991847191953,0.5444402145391904,0.23607438988002893
0.08050700356231495,0.5158796341403253,0.0054115546895154906
0.0839754816092694,0.5113793618192576,0.08166370405667801
0.16995678670519423,0.5281913758921992,0.0
0.17341193247781625,0.5293938382605236,0.16180604326244313
0.14213365153836482,0.5282718189565272,0.07948368720323237
0.10083643642808236,0.5275733887370906,0.09023666533482795
0.09434387168068013,0.5055585600095012,0.13710786740394315
0.023535876141109836,0.5244963050568929,0.09944285819426503
0.04657067829307753,0.5151092295021471,0.2570789696072501
0.04000176779924783,0.5235894789981622,0.1413067267257601
0.05604475024341693,0.5035616943895646,0.0
0.06289054779193479,0.5360213693992353,0.1534963199472028
0.044399443597473776,0.5247576503310649,0.1427104151365739
0.0827685559848794,0.5107544717897998,0.04860566294785448
0.051432592799185564,0.5315600604340645,0.0
0.08873740608001807,0.5169566025081699,0.0
0.055493134858570534,0.5107548484091418,0.19757456003013318
0.10018694499424118,0.526683734927614,0.037272460555829695
0.09226669312679422,0.5292136485484585,0.0
0.02370694733841945,0.5261441599803014,0.1376581257034808
0.1422201898372421,0.5183794394887768,0.0
0.006952067631310899,0.537533733112312,0.00702227936844985
0.192682288401996,0.5138064706662239,0.19364904831607566
0.1058727458772132,0.5232611204077978,0.06615226661557756
0.03280913663489343,0.5062002335702764,0.12466769999515004
0.06691558132018918,0.5233335236242437,0.0
0.07756357842913522,0.5206815302829663,0.057598049155296885
0.1766700762528876,0.5057266423623031,0.07332698440112473
0.0,0.5022672674744749,0.2502870368834328
0.11877459988186068,0.513926255335427,0.07418169583678905
0.058578896684904035,0.5214182007790131,0.010326311863277907
0.01738017604793239,0.5109910995770042,0.009260704202963418
0.04715827748055168,0.5231803883297844,0.3183242601994075
0.020956574128097025,0.5145365057722129,0.03388068663309979
0.03753367591479296,0.5273917432380416,0.14287800950965068
0.0585591706380021,0.519626300254075,0.0
0.05745004431046593,0.5235539946834977,0.1654184756998382
0.0,0.5197135754970089,0.06901988196926662
0.11380513083274046,0.5072018338540076,0.0
0.09689112477395641,0.5195977509960183,0.0
0.08345588977463755,0.5178731896882696,0.0
0.07068442027385775,0.5107673740908334,0.0
0.10048237310012753,0.5009696057751237,0.06095664730624375
0.1312352432308327,0.505013562940201,0.09449192013611986
0.0577224693308348,0.5221680992520642,0.033454604199006574
0.13718837384828603,0.5184859810902572,0.0
0.0657371083110346,0.5161799983581603,0.0
0.03943656251705676,0.5350054098672085,0.1869279430899889
0.06477955194051575,0.5319618160755956,0.09921353658370718
0.12724129107213317,0.5069151513593729,0.0
0.14421966581049106,0.5162049248318625,0.010972424182712935
0.08482149153995956,0.5117355569974028,0.0
0.014613114092369817,0.5129601794039458,0.0696386513822673
0.08751708816027721,0.5207934049586928,0.23750090811086422
0.1072210496123083,0.5237952259779455,0.0
0.04037452695289955,0.5320148619778816,0.23619342032059815
0.0875431698047243,0.5192699812587164,0.0
0.15775072076913235,0.5240427349916882,0.0
0.17243546280443506,0.5243850756367504,0.0
0.03742720011985162,0.5110089165145592,0.15718641749594642
0.12302589317989432,0.5198203372983864,0.0
0.1016114327551763,0.5274038483190965,0.017730361542486053
0.13968886428920402,0.5020948070744493,0.11883866930033206
0.1653184644897531,0.5312551678087284,0.03480990352955095
0.11198326540510017,0.5164636054759435,0.002415764372373919
0.12916711211756107,0.5104907249687534,0.1509859416735389
0.12006516795830996,0.5098620808434334,0.06542384263015466
0.043370801527530776,0.5159065905611866,0.0
0.15970282584884168,0.5230245355262104,0.0
0.08883024576322976,0.5119024979482433,0.0
0.09572535563734141,0.5269724236766121,0.06296300794969864
0.11906820512250119,0.49618595512961705,0.0
0.13641589419415445,0.5172806989461816,0.0
0.09553389058285253,0.5186495956257742,0.0
0.09230883302780926,0.5324807002762597,0.0
0.1680117126150076,0.5219203269689436,0.0
0.12926348806804958,0.5160194228107929,0.18024887824021557
0.04446265929064694,0.5008248938068359,0.0
0.058802799914347254,0.5287002498118858,0.0
0.12131566624927806,0.5046216398324616,0.15444750144180258
0.10758937464496221,0.532429276828464,0.0
0.1500853992930971,0.499872192099411,0.0
0.0755803210719328,0.5294145202649418,0.05360202394164123
0.05623185165329064,0.5247545234669233,0.10848385581473184
0.014244376323606214,0.5233691380884453,0.006389297819564649
0.14076989506748055,0.5139734568591694,0.0
0.0,0.5372629344861499,0.0
0.1283960156218805,0.5229762123247352,0.0
0.030363121455012618,0.5203518418932583,0.0
0.06449959754349197,0.5194380186126992,0.09319527907254475
0.1281036919606222,0.5205430358172963,0.025696290860505656
0.1254129253669283,0.520126187272515,0.19391872952903533
0.0,0.5040372663098858,0.01732256987937075
0.16063897934145363,0.5126677122465039,0.0
0.08044810378744406,0.5080362300208909,0.0
0.0,0.5144238498514068,0.003300932628402767
0.05788631145707417,0.5011293260422821,0.0
0.021083809091418965,0.518050656856978,0.0
0.10099621982065718,0.5039375432654318,0.029220233412931583
0.07637656142846572,0.5357531942799159,0.0
0.1435368473450226,0.5263939407354569,0.0
0.13460499090344993,0.5244945682574098,0.2261665371050356
0.15820381221308288,0.5284204264762045,0.0
0.16807458415344956,0.5326232880378021,0.10457840871538622
0.0,0.5085548449689934,0.0
0.1454564389981228,0.5243834044765764,0.0
0.0662584664946546,0.49933628745399133,0.0781162228457661
0.07212770199349129,0.5191679539420151,0.0
0.16549547313380591,0.51013038264997,0.07983904532755243
0.1601365261284035,0.5400918707397145,0.0
0.08591141185869226,0.5270028837695072,0.0
0.07242999501827692,0.5248128039874034,0.0
0.10831940895613422,0.5193947576493821,0.22947977731364388
0.09527695627918852,0.5091502635854762,0.06113491664701423
0.07198125316562336,0.5134791559121623,0.16418479990639573
0.08688112807631303,0.5221288714745028,0.0
0.09552449861397645,0.5280003152239338,0.0
0.06275748395984346,0.5065762888362457,0.23873176553850906
0.09768254404771384,0.5302649260674717,0.0
0.12952901495001004,0.519634275729192,0.07224446065750154
0.01718469763837366,0.5304335911486369,0.09514230308978525
0.11233276335715564,0.5137822195508558,0.08308709675587578
0.07883454420035442,0.5166218172782157,0.1716251307777662
0.03068795356364043,0.5212390001361684,0.0
0.23933997246489858,0.5143593011253677,0.0
0.07738987975204799,0.5070678954617367,0.0
0.07350204133344647,0.5190246680821202,0.0
0.053261054305353876,0.5217398193827694,0.0
0.07492519975566578,0.5248207390473932,0.0
0.0759610964886056,0.5109021091517741,0.4207335325216431
0.0,0.5276017247560002,0.0
0.05876123724665869,0.5187826090112136,0.05230009438765962
0.10907463784894976,0.5220270051483037,0.0
0.22295571334479633,0.5164480739745342,0.05554680614381049
0.02868731211070242,0.5210579063009297,0.05935723239087578
0.09498551630378954,0.5250944015835738,0.0
0.0,0.5016019708541245,0.08816223886818843
0.011591074262416026,0.517440897989082,0.0
0.10471026871526015,0.5169131267813093,0.0
0.06473980962354525,0.5242606232351817,0.0
0.15446050692137275,0.5155414216654806,0.21050181718396344
0.13349387249840117,0.5088258253249175,0.12751488853521842
0.15148154609604564,0.4973278658230671,0.016033983755886418
0.03774598121647609,0.5175432531454685,0.1867597356037139
0.0825809010937089,0.506481023976605,0.0
0.07724966857645126,0.5176488571265315,0.1195168432918257
0.04830452556871284,0.5289822658732705,0.0
0.08253357455168477,0.5219092882796537,0.0
0.12724294652391327,0.5325695261464267,0.03443098697628266
0.08929050545860567,0.5286530415788641,0.040823551090748283
0.11106507728868326,0.5255155452362846,0.01941830528497427
0.021653383018526207,0.5112892024261462,0.047018069124212296
0.0976208330039589,0.5370233455496876,0.0
0.18006598963979537,0.516012522163438,0.04788168273330906
0.00809960483292893,0.5093573522041975,0.0
0.04033094159795466,0.5257583803727482,0.01856823501828153
0.17301632565937636,0.522172999871387,0.0
0.07814800504094356,0.512715044667579,0.0749088788586103
0.10841614596588953,0.523443672221194,0.04603269195921318
0.11793616619254785,0.5229395637180869,0.0
0.10874939068779055,0.5006404005365936,0.0
0.0275551574608964,0.5026466884242949,0.0
0.06010637142852388,0.4995291887467026,0.0
0.23116546406877342,0.5196311806487883,0.24048173635947073
0.2183348521721744,0.5187327305031137,0.0
0.07924160176153686,0.5200492935730943,0.0
0.22985520993463063,0.5236245395995112,0.13742589204065012
0.16718774043541168,0.5049989885165151,0.0
0.20792406105598574,0.5059634838754692,0.0
0.178230318610672,0.525390404025616,0.0
0.148123011258469,0.5165020906170773,0.03313741204125323
0.12616796051740015,0.5307894470639697,0.0
0.17098288544288975,0.5220970473710662,0.0
0.06263923263473226,0.5258809893527927,0.0
0.124557884619823,0.5182560517587017,0.0
0.035511589998063024,0.5191449150687009,0.16539572540462988
0.011064986278991551,0.5149247404159386,0.1033860192895651
0.04839537841262917,0.4974936892686906,0.24263200902920384
0.01452449933106087,0.5238443894662593,0.12654961607523885
0.12948063246817895,0.4993276994113941,0.0
0.035930976845969846,0.5228500455100422,0.0
0.021263044292489763,0.5003928108659942,0.0
0.052981733050353516,0.5168145385341811,0.21662910349867692
0.05917146485256507,0.5168191617085764,0.0
0.1420199274590646,0.5016530190336015,0.0
0.07281034200733194,0.5287488102421355,0.00537171912055808
0.019242035513035036,0.5241416841606457,0.10305240043954887
0.052991050793223374,0.5311516650275316,0.20743571639986985
0.06781142552088013,0.5139997907039128,0.0
0.10395771764179085,0.5105761426358942,0.0
0.1518231960715413,0.5217493024085886,0.0
0.07194334334212313,0.5055914817072236,0.0
0.06463609988048531,0.5205873446942302,0.07256605439673214
0.1857072001448551,0.5169762779411659,0.07296194856157054
0.04678427321389606,0.5283737684691703,0.08821650593374508
0.07837630191360459,0.5262944131376448,0.13653965127188106
0.13182278127693778,0.5178349981033463,0.0
0.06265048880829151,0.541779278408435,0.0
0.0,0.5291267916528539,0.21323983479521513
0.09919663343267242,0.5283041404323594,0.0019415434071933108
0.02422146426021364,0.5216434532986702,0.028210418852885836
0.0007916614246815529,0.5185880656186954,0.14887556547187586
0.07751783418708207,0.5225586165958097,0.0
0.047946194657934205,0.5324758148157974,0.0
0.07876101163745325,0.5200784244759177,0.0
0.05087492546400825,0.5270621130703383,0.0774825619651958
0.0,0.5258869247003838,0.0
0.09719833454244892,0.5097266523782779,0.1589529460035699
0.1446202356291831,0.5085828957500107,0.06968971799304696
0.054077239342672646,0.5180629170514431,0.08249921697768589
0.2205702365471483,0.5115540588896633,0.19415125867131655
0.0792445733485925,0.5195490225155696,0.2196228882253351
0.14481361582929095,0.5383875976198899,0.059242533761537486
0.05182498631303652,0.506106132762206,0.23059061071234854
0.03114693172913592,0.5275547848747426,0.12690134710696366
0.011423071579074587,0.5421051542758406,0.0
0.10330683963928844,0.5274553687628752,0.004471407545774332
0.025931272010927972,0.5337950409511798,0.0
0.04912968413135636,0.5445714034037595,0.05739776898055989
0.12485079200574029,0.5254401908123602,0.0
0.17593450315104425,0.520456043895925,0.10494541637763831
0.09689586593440762,0.5191080846582166,0.04990630552411324
0.06628686453212353,0.5226183136077683,0.0
0.0654708375347339,0.5061739234221446,0.19051914087074456
0.08522519605290942,0.5229313002959985,0.0
0.044687793867155635,0.4956043201093387,0.0
0.11411189185760956,0.5108251742408301,0.18331436951960023
0.004434390418946568,0.5235028944742269,0.0
0.03539216821954685,0.5200269888254011,0.04570935704671328
0.14255810763806492,0.5242549201743085,0.0
0.04704860444619244,0.5046797908720971,0.051096132709852846
0.06908686202868616,0.5075578132833988,0.03788575118984991
0.05559872511451941,0.523534144529466,0.0
0.0,0.5077711163788796,0.011367416379096598
0.12854858658250778,0.521613161500333,0.2306097954144869
0.0,0.5362418144872769,0.007663062368447552
0.1629928344657846,0.5208416076016015,0.10355628331821082
0.12512639545621193,0.5223369004279421,0.12055069842872256
0.0,0.5162682663962893,0.0
0.05330758678162534,0.5269047275579175,0.07132039651251132
0.035907006866447516,0.5221199910359896,0.11125722328703418
0.19588153914916184,0.506481859660712,0.045949501395877015
0.07802327512456221,0.5156851341941038,0.0
0.25087004510422406,0.5329470784040363,0.1416268270723365
0.07574499230760826,0.5209661454653214,0.0
0.14435288199886304,0.5069969523563252,0.15944050336638171
0.0,0.5151396141651216,0.014541356870363845
0.08357861371221555,0.5121709986315327,0.03383576789142224
0.06889927458142733,0.5183055124052636,0.1337573225497773
0.15232598649147594,0.5008127393228706,0.0
0.04485624415679475,0.515830299540541,0.06351098721837545
0.04796376987981536,0.520500954219869,0.0
0.12181993183548434,0.5221144602305042,0.0
0.03098355891964292,0.5175127138979078,0.18094944358304604
0.07474355027187177,0.5054457328158766,0.016716972084060856
0.0776134710634501,0.49857226643113256,0.08783791168753467
0.19830155164598973,0.5333006819614856,0.0960202217261124
0.0,0.5326008173587238,0.0
0.18504931187255663,0.5162068233578645,0.06399838950485603
0.043027966777365756,0.5105702280657662,0.0
0.08414819716217528,0.5210507853191068,0.13777092523429965
0.0,0.5166038164514025,0.0
0.1199988590408354,0.5249849525265285,0.035299753928287755
0.0,0.5227530355134938,0.15958379239985848
0.23205518197650235,0.5231650395897192,0.0
0.0,0.5164841867330512,0.0
0.07788815984276633,0.5231394926331773,0.09446502242766923
0.06828316267138973,0.5182465396237335,0.0
0.08714850566988984,0.49571653305079616,0.1536374216023032
0.13281571438383866,0.5102357657931229,0.04891068313241332
0.11826075850915571,0.533811592584926,0.0
0.04249654804514797,0.5165651257002069,0.0
0.08034694604327373,0.5028081325104672,0.0
0.01482400483600109,0.5296686507348216,0.0
0.0,0.49909260338605027,0.07766125558805184
0.08909569944889821,0.5290374947793615,0.0
0.047344941751527266,0.5166174224270971,0.11524815275992872
0.13849698224544058,0.5267911659584218,0.0
0.0698021274602349,0.502804916841141,0.3525176418326
0.043280967424165935,0.5184603328798283,0.0
0.00995887263821249,0.5250151625011757,0.0
0.1487363719599642,0.5289602005266287,0.07922141901101983
0.08237031377372812,0.502845471903186,0.09152684099883396
0.16362383261094893,0.517765083345221,0.0
0.08141420652445105,0.525673706143781,0.05407628603575318
0.0,0.5100494623106946,0.1307642657946512
0.1503539234982223,0.5143950684297295,0.1633439854783606
0.008391043424824468,0.49333527635476393,0.0
0.05125894261499542,0.5143841066482154,0.0
0.1449446940335985,0.5370188478507281,0.08374537821622653
0.05399901642959863,0.5270462911751697,0.08233242576829924
0.1427216809333969,0.5121771006026712,0.04803391567956947
0.020658350931638397,0.5373542995370605,0.0
0.059915155374888014,0.5079070929290784,0.009764482657479446
0.10550113851501289,0.5256771614762366,0.0
0.012465902096953502,0.5018940151337367,0.0
0.0,0.5112371069332109,0.0713760031372542
0.15488036422393175,0.5136475391654375,0.17542022360222004
0.07516561889227795,0.5241733630140791,0.15684869274531754
0.05325959553820345,0.5243913104836226,0.10339101561745842
0.13358045709544894,0.5217928873051079,0.09120451854699958
0.007397232233324086,0.5190193517548912,0.0874379616827189
0.0891096098375256,0.5024617722679786,0.0
0.08477727208440893,0.5174739694529579,0.1806541478727513
0.19675797562455286,0.5256915541392275,0.0
0.04462696068932335,0.5167306489023454,0.19659538186265385
0.0,0.516255710048518,0.0
0.07521516115617136,0.5162129802559557,0.0
0.02375346788587289,0.5121825381592728,0.17004560527246637
0.0,0.5212273783653596,0.2199389828737905
0.07367092235035141,0.5296574762206776,0.0
0.02212398750147629,0.5241782611030236,0.11304445645291131
0.0,0.5002185040241449,0.224456559981621
0.1756499555578425,0.5281487795532958,0.0
0.09478306082788905,0.5252097371792389,0.02582564146537393
0.06382008957186405,0.5311309085641475,0.005503781294874334
0.14016182469942345,0.5085862061931773,0.19620100525964085
0.048612672754799593,0.5281699393564901,0.048193176676801446
0.07882567556224183,0.5246250012967624,0.0465948178932821
0.09237368471041449,0.5080159199037229,0.0
0.17356931168242112,0.5094519605010147,0.0
0.03739389283288948,0.5249400221381693,0.012273754869437414
0.09450185668196254,0.5208272615877548,0.043076105434969564
0.03506654993912865,0.5334667715370609,0.0
0.09359376229081127,0.5196146570573985,0.0
0.1434362121095346,0.5181191916086783,0.0
0.0,0.5348933511801404,0.13729435242285296
0.07497721451546252,0.5139156119714495,0.036150228699319956
0.06850501345970342,0.5113750967853229,0.10898128960274275
0.0,0.5116077950129324,0.0
0.017449793535716587,0.5191397320211835,0.0
0.11229920679765415,0.5229215969968027,0.17284836671039944
0.07896695904777812,0.5153142376238726,0.19714907947538668
0.04492945602840856,0.5054955915811695,0.0
0.09240699604194688,0.514714832154506,0.12720951460843813
0.19777517154182822,0.533501560150848,0.1357877263543452
0.0,0.5092606896269674,0.0
0.14782790087935826,0.5109124932485708,0.0
0.07863187179581743,0.5157338880457096,0.10580058575091071
0.13824599603077353,0.5128397340051203,0.11859971058601212
0.0629662672617409,0.507151748309056,0.1906302362021013
0.13864572605459438,0.5131545178655061,0.29825290412797956
0.0894660043148064,0.5198364495464166,0.0
0.0,0.5237045740602218,0.0
0.1499630865382066,0.5285749369325569,0.0
0.11673101767827253,0.5175227036526528,0.21735082469196632
0.1117459286366732,0.5252505409980486,0.08370979898305334
0.0910659515396683,0.5280215195202661,0.11127667159136385
0.14956942366857875,0.5216852444132736,0.09814867369850884
0.17509522632826297,0.5071920536487239,0.056456719611423886
0.07466184994118498,0.5093905769520728,0.0
0.14894088934765606,0.515731311801141,0.08108837594766102
0.17474434813900958,0.5188009136174175,0.1969527256399345
0.08509985317120933,0.5183934010981259,0.0
0.2374801620376656,0.5057831066427287,0.0
0.05786023168293197,0.5012483585548354,0.0
0.1473409127650223,0.5116807189808464,0.0
0.19534494491983426,0.5204502165153542,0.1252840758405801
0.1623187694368145,0.523605904124209,0.20819121517720157
0.08307327472286014,0.5187497874657682,0.0
0.21829191979870347,0.5088965886377551,0.053494822311332124
0.07350774326489097,0.5292388873878768,0.21708863993318095
0.1256094085331975,0.5230084916454539,0.0
0.17442143171966257,0.5191533270060772,0.0
0.1763400804027943,0.5130973251244646,0.0
0.10339030928115925,0.5155692719958733,0.0
0.1159075195998657,0.5193595803276756,0.0
0.04336735178783619,0.5038712209363295,0.0
0.05122837456521307,0.5168972005687666,0.0
0.09310645549805342,0.5187383365289131,0.0
0.004252586910940423,0.5163339646861663,0.0
0.13220375231612452,0.5186219770456744,0.0
0.022009857756672205,0.5299035757589875,0.0
0.0997878351005974,0.5136487730349185,0.08383925134404192
0.0021299471190403263,0.5203262285910246,0.0
0.024725664741147527,0.5114687669608529,0.0
0.08318283344602231,0.5163727197028947,0.012113994101732084
0.06239061754558861,0.5306104210280858,0.0
0.0,0.530178032184645,0.08151289661955761
0.1362599998328125,0.5176996617102508,0.007511093778628195
0.10733510445163388,0.5155943374563517,0.20383653434059257
0.016910192979744415,0.5198554409696075,0.0
0.0778803269850892,0.5105862560219797,0.012652011875942417
0.06610477572565532,0.5292633620114884,0.0
0.08173663599516716,0.5398188767800061,0.0
0.19601162507621084,0.5069243531191371,0.0
0.060549277362101694,0.5005926029156044,0.0
0.12697009876988377,0.5219469852551668,0.08201558835838792
0.0,0.5000778575401893,0.0
0.07661976997092368,0.5141890740035887,0.0
0.13488328837579977,0.5120683287687701,0.0
0.21581967931915594,0.5347231394541693,0.08869536183812884
0.18352881607812577,0.5115724832902547,0.0037304432520076335
0.13489284102040733,0.5262763000994893,0.0
0.12873084702593526,0.5200984494353375,0.06225885203568578
0.14995894364962925,0.5202603789468508,0.028271716007976254
0.11025848930748203,0.5098749528554528,0.0
0.08229852918181131,0.516423412479806,0.03196168097019541
0.0,0.49761375206534986,0.0
0.17473862830643205,0.5398912434405347,0.052136949385710486
0.040163729556782074,0.5110614792716717,0.0
0.08826120241406127,0.5164310987412647,0.03828996618555687
0.15810484823880402,0.5083801458666936,0.10369697179879775
0.051822798990529904,0.5345635247799545,0.021883010449407016
0.17022944442840499,0.5084562553290173,0.04012865770602557
0.058451948670093665,0.515934347637759,0.17944646037029
0.0974419875308704,0.5144160058021021,0.07064971739499323
0.08719849368211027,0.5275593947105883,0.10443983141110001
0.0997581883055301,0.5247027202667125,0.0
0.08796490499335675,0.5113321885832718,0.0
0.15173437067157283,0.5274078817377541,0.0
0.11667076710322238,0.5378193255712839,0.0
0.15686458839530476,0.5069476941691671,0.0
0.0,0.5185632162061794,0.0
0.15656750321891022,0.5198840727625905,0.09600851707787653
0.1574974120379428,0.5401649951214517,0.08343388231094928
0.1392428369340044,0.5219136937545814,0.0
0.03472127796154717,0.542827790405357,0.27751827472004276
0.0975500875563877,0.5096987981907738,0.0
0.054475414729743724,0.5219387117072904,0.0
0.1501448557738526,0.5379483841899407,0.17052078299466528
0.0,0.5050439209305485,0.24925834909078104
0.0857462786518795,0.5228592636826097,0.035615346963094444
0.12577184219651538,0.5236774380762933,0.35253494714672773
0.022356081924433578,0.5212734745260884,0.0
0.09534194610626552,0.5282595689909053,0.04589746289999738
0.015938033651172412,0.5199412937187085,0.0
0.11023993746859315,0.5227108860740353,0.20131053056096815
0.11409760517872111,0.5228658649406086,0.06028493138466966
0.0,0.50706038646364,0.0
0.04304626317853038,0.51537148395178,0.12264483785022202
0.21767084460554262,0.512663644696331,0.12011446100905199
0.08449442026372089,0.5173899538585962,0.0
0.001008978698493021,0.5077166772016578,0.19644470469239783
0.07986193989766445,0.5020357720738727,0.04945601159852096
0.11531983712196464,0.5101722918272664,0.0
0.05844320797543624,0.5194846816532699,0.03915939342957943
0.19313297707744903,0.5245644502476714,0.0030727122207522585
0.09302503116969757,0.5241855203915585,0.029015332315611386
0.06971591557729562,0.5197951482911287,0.0
0.005407830915715381,0.5389472125930731,0.0
0.09918590924623055,0.5219813299367521,0.0
0.038161219623966035,0.5172850186615082,0.2529886744677722
0.0657840937193044,0.5283900006927693,0.0
0.09150908055146222,0.5357267596105919,0.24608303928892106
0.11457528325935326,0.5364519701428468,0.0
0.12542156273444072,0.5167857037650906,0.0
0.1321048249326503,0.5101890081324736,0.04655505569315339
0.056614128737544595,0.5169431126504612,0.0
0.0,0.5025775432727249,0.0
0.1183248588404648,0.5192345342779531,0.0
0.0,0.5158996970022897,0.0
0.0,0.5046312611595986,0.02794385957469958
0.07985969773518402,0.5221131664944517,0.0
0.0,0.519498970597046,0.0
0.1297746651890367,0.5070491179495967,0.09690337078212319
0.05688110045780023,0.5070007531986792,0.0
0.0,0.5297712781222877,0.008668409952820182
0.19815883924809913,0.5181035392241836,0.1278269181616566
0.011428878433629372,0.49575339855489675,0.0
0.056687045587604304,0.5272585437922443,0.0
0.12737422902696832,0.5280096163714937,0.08630641023609284
0.05152061412539075,0.5201451450316767,0.0
0.026800754844921545,0.5362905591031452,0.0
0.08207151089320759,0.5207169506976733,0.18194272534248074
0.1943779927294888,0.4968348205874713,0.0
0.06482495336569133,0.5065449935869494,0.0
0.14539069661578893,0.5067755238823173,0.027678357683570458
0.12247932098774839,0.5319924147581706,0.12487522796826556
0.017400221086243936,0.5319443122329565,0.01665140689607347
0.08761601320776506,0.5065554374338532,0.13713423555469295
0.0,0.5191095701397495,0.0791858044577201
0.025371952304422594,0.522049158892764,0.0
0.06259690173087051,0.5178625487340172,0.0
0.0,0.5064030614362717,0.08484234432878511
0.07801450439337447,0.5084353183326334,0.07995111336136465
0.11946471682301033,0.5055529503803166,0.07588819031878058
0.10451801189116411,0.5096675600133233,0.0
0.04374652581505992,0.5078382229619025,0.1702503438327984
0.12120734829160623,0.5344690108983318,0.0
0.034047275124644165,0.5204767787512152,0.0
0.11755856674645078,0.5270160293250237,0.0
0.07982182371506483,0.5379434688960467,0.0747598550986541
0.06531584614319534,0.5125127276927535,0.15049968260484353
0.01463316871010352,0.5163759551301126,0.15589062364967043
0.11354786041344034,0.5130359610536367,0.0
0.05678210341418519,0.5086188994154052,0.0
0.070636253679515,0.5140172726893938,0.12438734884878647
0.09975482843062164,0.5176316994936092,0.0
0.11374020401535181,0.5171483481327863,0.0
0.06550226560615031,0.506737587409402,0.11976583443402435
0.0590481905416964,0.523000643021269,0.0
0.05717747108871002,0.5056505582464275,0.0
0.0348221559813875,0.513486330850104,0.05164958764405911
0.0006820788876110984,0.4990119919527113,0.0
0.13310674902822034,0.5258520039771526,0.014758533916771127
0.09812047871250372,0.507933671307682,0.0
0.01778168736291376,0.5333107721562413,0.11360413300932999
0.0923463645625443,0.5143829318688865,0.0
0.07151345425082925,0.5307301334922251,0.0
0.011912458455103872,0.51433524236551,0.06406094381562422
0.1114305669155584,0.5185354060936287,0.0
0.12392771380858471,0.5293964889375761,0.09837449437216808
0.17756794518178154,0.5120981554812386,0.1434973414735059
0.055202872551275886,0.5089507879140189,0.0
0.06859798259341462,0.5059420523678744,0.06879385498477442
0.04004858338104123,0.5071240436538547,0.08571856553337327
0.1329413834783458,0.5221826513346519,0.1282922984071429
0.18295415251882902,0.5072489338365963,0.15504102414722432
0.03304253132619753,0.5145859741253695,0.0
0.07476151842480923,0.522598654339655,0.0
0.2111671250822162,0.5128336429424304,0.0
0.14375282738478523,0.5113666574415873,0.00038347519626209803
0.1535550271978297,0.5121247945570968,0.0294676328338742
0.11524027308562171,0.5270773698679305,0.0
0.0,0.5426345558986131,0.291101915535977
0.14156010856205775,0.5157595221943655,0.0
0.08078677647023351,0.5067536750298869,0.128178025600457
0.0,0.5181939125345273,0.0
0.14995656827952225,0.514815546580424,0.0
0.0,0.5115774490228138,0.0
0.08348054080539526,0.531521262683793,0.15283097928334327
0.024401105334536065,0.5133845428679481,0.0
0.0922228463523421,0.5151266760290675,0.0
0.18009672958949996,0.5273791233510038,0.053981648271338244
0.10030759795926308,0.5285006844007791,0.00822449908958519
0.15414404418458777,0.5223720975627345,0.0
0.15782210686821554,0.5159404290087114,0.0312616093270404
0.1132563669939009,0.5238503354509181,0.2069684218914482
0.03402076523591434,0.5020643837891243,0.2671753780185514
0.07732923605268414,0.5421420620595726,0.0
0.09328183380827297,0.5120578066164083,0.0
0.0,0.519592146955271,0.0
0.1147347184266874,0.5346546143595601,0.0
0.07376228824013815,0.5210234431246611,0.0
0.019857743871071518,0.5404597966789747,0.175534483222952
0.15895003101598487,0.5026294006820871,0.0
0.14786899718023824,0.524375315727992,0.07490410673202665
0.06634772448970325,0.5083964187033646,0.0
0.0,0.5181003492547106,0.14707304853885667
0.061959277413653396,0.5252176107908983,0.0
0.02466110494187279,0.5169525747587297,0.0
0.015710942755378043,0.52174058379706,0.07031942302386097
0.14353353224957968,0.5118111632467139,0.0
0.0,0.530410619200015,0.0
0.1453930556191129,0.5234485166477333,0.10990564593742519
0.19136486586244816,0.5100819863009673,0.0
0.16073040408402617,0.5187566732773838,0.10410682524987595
0.004926886652038373,0.5321308161670578,0.0
0.14262009266089865,0.5229241364469597,0.17727503461361832
0.14569869467645927,0.5318743813137968,0.021066117715044446
0.010554472338207888,0.49946991049723793,0.0
0.07669168128884744,0.5034024602120125,0.0
0.10529660758450284,0.5005637610714682,0.05466749633976916
0.049841604601069074,0.5278917098921361,0.0
0.04722077683042478,0.5121431905229203,0.09170732173706758
0.055768745857255275,0.5144536501646714,0.09192601106969132
0.016248965250617337,0.5242328098033116,0.0
0.07124264441900874,0.5034812707444658,0.046298250196317545
